Invoice,StockCode,InvoiceDate,Quantity,Price per unit,Gender,product id,Customer ID,Customer_Age,Cost,Payment_Method,Total,revenue
489434,85048,01-12-2009 07:45,12,6.95,Female,32,13085,26,4.4697332,Credit Card,29.76320159,83.4
489434,79323P,01-12-2009 07:45,12,6.75,Female,34,13085,29,3.28212781,PayPal,41.61446627,81
489434,79323W,01-12-2009 07:45,12,6.75,Female,64,13085,33,4.612600072,Cash,25.64879913,81
489434,22041,01-12-2009 07:45,48,2.1,Female,41,13085,79,1.120375976,Bank Transfer,47.02195315,100.8
489434,21232,01-12-2009 07:45,24,1.25,Female,20,13085,43,0.848713985,Cash,9.63086436,30
489434,22064,01-12-2009 07:45,24,1.65,Female,10,13085,40,1.128551874,Cash,12.51475503,39.6
489434,21871,01-12-2009 07:45,24,1.25,Female,46,13085,21,0.724196058,Credit Card,12.61929462,30
489434,21523,01-12-2009 07:45,10,5.95,Male,79,13085,35,4.500677686,Cash,14.49322314,59.5
489435,22350,01-12-2009 07:46,12,2.55,Female,91,13085,55,1.773925851,Cash,9.312889791,30.6
489435,22349,01-12-2009 07:46,12,3.75,Male,61,13085,40,1.732000863,Credit Card,24.21598964,45
489435,22195,01-12-2009 07:46,24,1.65,Male,31,13085,66,1.164692232,Cash,11.64738643,39.6
489435,22353,01-12-2009 07:46,12,2.55,Male,33,13085,73,1.613470765,Credit Card,11.23835082,30.6
489436,48173C,01-12-2009 09:06,10,5.95,Female,57,13078,68,4.523607218,Bank Transfer,14.26392782,59.5
489436,21755,01-12-2009 09:06,18,5.45,Male,97,13078,27,3.724507607,Credit Card,31.05886308,98.1
489436,21754,01-12-2009 09:06,3,5.95,Female,22,13078,37,4.566585302,Bank Transfer,4.150244095,17.85
489436,84879,01-12-2009 09:06,16,1.69,Female,84,13078,23,1.294508829,Bank Transfer,6.327858728,27.04
489436,22119,01-12-2009 09:06,3,6.95,Male,9,13078,26,5.386668242,Bank Transfer,4.689995275,20.85
489436,22142,01-12-2009 09:06,12,1.45,Male,39,13078,43,0.692812059,Credit Card,9.086255297,17.4
489436,22296,01-12-2009 09:06,12,1.65,Female,30,13078,30,1.241284131,Credit Card,4.904590425,19.8
489436,22295,01-12-2009 09:06,12,1.65,Female,43,13078,22,1.126810953,Cash,6.278268569,19.8
489436,22109,01-12-2009 09:06,16,3.39,Male,29,13078,25,1.517279166,PayPal,29.96353335,54.24
489436,22107,01-12-2009 09:06,4,3.75,Female,15,13078,27,2.761409512,Bank Transfer,3.95436195,15
489436,22194,01-12-2009 09:06,2,8.5,Male,56,13078,79,3.418157907,Credit Card,10.16368419,17
489436,35004B,01-12-2009 09:06,12,4.65,Female,54,13078,34,3.174515625,Cash,17.7058125,55.8
489436,82582,01-12-2009 09:06,12,2.1,Male,96,13078,40,1.11424106,Credit Card,11.82910728,25.2
489436,21181,01-12-2009 09:06,12,2.1,Male,61,13078,25,1.387932089,Bank Transfer,8.544814934,25.2
489436,21756,01-12-2009 09:06,3,5.95,Female,24,13078,37,3.970583779,Credit Card,5.938248662,17.85
489436,21333,01-12-2009 09:06,6,2.95,Female,12,13078,71,1.209914523,Credit Card,10.44051286,17.7
489436,84596F,01-12-2009 09:06,8,1.25,Female,90,13078,57,0.704541173,Cash,4.363670616,10
489436,84596L,01-12-2009 09:06,8,1.25,Female,84,13078,36,0.699678048,Credit Card,4.402575612,10
489436,22111,01-12-2009 09:06,24,4.25,Male,40,13078,31,2.235421515,Cash,48.34988365,102
489437,22143,01-12-2009 09:08,6,2.1,Female,24,15362,70,1.552728823,Cash,3.283627059,12.6
489437,22145,01-12-2009 09:08,6,2.1,Female,60,15362,49,1.32089566,PayPal,4.674626042,12.6
489437,22130,01-12-2009 09:08,12,0.85,Female,49,15362,66,0.574288801,Bank Transfer,3.308534384,10.2
489437,21364,01-12-2009 09:08,2,6.75,Female,19,15362,28,3.066555156,Credit Card,7.366889688,13.5
489437,21360,01-12-2009 09:08,1,9.95,Male,69,15362,43,5.837805943,PayPal,4.112194057,9.95
489437,21351,01-12-2009 09:08,2,6.75,Female,9,15362,21,4.795058407,PayPal,3.909883186,13.5
489437,21352,01-12-2009 09:08,2,6.75,Male,23,15362,27,2.806121747,Cash,7.887756506,13.5
489437,35400,01-12-2009 09:08,2,8.95,Male,17,15362,62,3.86792139,Bank Transfer,10.16415722,17.9
489437,20695,01-12-2009 09:08,3,4.25,Female,10,15362,66,1.794607305,PayPal,7.366178085,12.75
489437,37370,01-12-2009 09:08,12,1.25,Female,60,15362,18,0.827850456,Bank Transfer,5.065794526,15
489437,10002,01-12-2009 09:08,12,0.85,Male,76,15362,61,0.575565763,PayPal,3.293210844,10.2
489437,84507B,01-12-2009 09:08,6,2.55,Female,85,15362,23,1.960308302,Bank Transfer,3.538150187,15.3
489437,20703,01-12-2009 09:08,3,4.25,Female,97,15362,65,1.972472725,Credit Card,6.832581825,12.75
489437,21987,01-12-2009 09:08,12,0.65,Male,24,15362,38,0.344484244,Credit Card,3.66618907,7.8
489437,21989,01-12-2009 09:08,12,0.85,Male,61,15362,66,0.47456172,Bank Transfer,4.505259363,10.2
489437,84970S,01-12-2009 09:08,12,0.85,Female,8,15362,70,0.678370862,Bank Transfer,2.05954966,10.2
489437,20971,01-12-2009 09:08,12,1.25,Male,75,15362,54,0.540846663,Credit Card,8.509840041,15
489437,22271,01-12-2009 09:08,6,2.95,Female,67,15362,74,1.511434694,Credit Card,8.631391837,17.7
489437,22272,01-12-2009 09:08,6,2.95,Female,18,15362,24,1.238713528,Credit Card,10.26771883,17.7
489437,22274,01-12-2009 09:08,6,2.95,Female,11,15362,23,2.350877212,Credit Card,3.594736729,17.7
489437,21912,01-12-2009 09:08,4,3.75,Male,23,15362,30,1.707673153,Cash,8.169307389,15
489437,22111,01-12-2009 09:08,3,4.95,Male,98,15362,51,2.679401761,Bank Transfer,6.811794717,14.85
489437,22112,01-12-2009 09:08,3,4.95,Female,94,15362,53,2.782595454,Credit Card,6.502213637,14.85
489438,21329,01-12-2009 09:24,28,0.98,Male,9,18102,34,0.494293151,Bank Transfer,13.59979177,27.44
489438,21252,01-12-2009 09:24,30,1.69,Male,25,18102,73,1.312365295,Bank Transfer,11.32904115,50.7
489438,21100,01-12-2009 09:24,30,1.15,Female,19,18102,73,0.612892999,PayPal,16.11321002,34.5
489438,21033,01-12-2009 09:24,30,2,Male,21,18102,57,0.876243912,PayPal,33.71268265,60
489438,20711,01-12-2009 09:24,60,1.3,Male,27,18102,52,0.834174637,Bank Transfer,27.94952178,78
489438,21410,01-12-2009 09:24,32,2.5,Male,4,18102,21,1.891937179,Credit Card,19.45801029,80
489438,21411,01-12-2009 09:24,32,2.5,Male,4,18102,33,1.364080636,Bank Transfer,36.34941964,80
489438,84031A,01-12-2009 09:24,56,3,Male,47,18102,70,1.862519043,PayPal,63.6989336,168
489438,84031B,01-12-2009 09:24,56,3,Female,85,18102,46,2.289227749,Bank Transfer,39.80324605,168
489438,84032A,01-12-2009 09:24,60,1.9,Male,9,18102,64,1.113921537,Cash,47.16470776,114
489438,84032B,01-12-2009 09:24,56,1.9,Female,29,18102,53,1.505536534,Credit Card,22.08995407,106.4
489438,84519A,01-12-2009 09:24,56,2.15,Male,79,18102,28,1.610083115,Bank Transfer,30.23534556,120.4
489438,84519B,01-12-2009 09:24,60,2.4,Male,62,18102,40,1.625228622,Cash,46.48628267,144
489438,85132A,01-12-2009 09:24,60,6.38,Female,80,18102,25,3.386374395,Cash,179.6175363,382.8
489438,85132C,01-12-2009 09:24,60,6.4,Female,41,18102,57,4.33237492,Bank Transfer,124.0575048,384
489438,85183A,01-12-2009 09:24,60,2.4,Female,92,18102,50,1.460175632,Bank Transfer,56.38946209,144
489438,85183B,01-12-2009 09:24,60,2.4,Male,100,18102,54,1.503122251,Credit Card,53.81266494,144
489439,22065,01-12-2009 09:28,12,1.45,Male,29,12682,18,0.659836351,PayPal,9.481963784,17.4
489439,22138,01-12-2009 09:28,9,4.95,Male,38,12682,46,2.744357913,Credit Card,19.85077878,44.55
489439,22139,01-12-2009 09:28,9,4.95,Female,25,12682,46,2.159486466,Credit Card,25.11462181,44.55
489439,22352,01-12-2009 09:28,12,2.55,Male,52,12682,72,2.012512376,Bank Transfer,6.44985149,30.6
489439,85014A,01-12-2009 09:28,3,5.95,Male,89,12682,25,4.675607411,Bank Transfer,3.823177768,17.85
489439,85014B,01-12-2009 09:28,3,5.95,Female,46,12682,79,3.15073057,Cash,8.397808291,17.85
489439,16161P,01-12-2009 09:28,25,0.42,Female,52,12682,61,0.1949536,Bank Transfer,5.62616,10.5
489439,16169N,01-12-2009 09:28,25,0.42,Male,73,12682,75,0.251995503,Bank Transfer,4.200112435,10.5
489439,21491,01-12-2009 09:28,6,1.95,Female,78,12682,63,1.304262986,Credit Card,3.874422086,11.7
489439,22333,01-12-2009 09:28,8,1.65,Female,8,12682,74,1.042010884,Credit Card,4.863912929,13.2
489439,85216,01-12-2009 09:28,12,0.65,Male,50,12682,40,0.472458575,PayPal,2.130497101,7.8
489439,21493,01-12-2009 09:28,12,0.85,Female,46,12682,21,0.490112495,Credit Card,4.318650056,10.2
489439,22130,01-12-2009 09:28,24,0.85,Male,91,12682,29,0.549708455,PayPal,7.206997074,20.4
489439,22064,01-12-2009 09:28,12,1.65,Female,80,12682,50,0.88212104,Cash,9.214547523,19.8
489439,21731,01-12-2009 09:28,24,1.65,Female,52,12682,73,0.805754909,Bank Transfer,20.26188219,39.6
489439,85232B,01-12-2009 09:28,6,4.95,Female,22,12682,31,2.519937105,PayPal,14.58037737,29.7
489439,84691,01-12-2009 09:28,12,0.85,Female,21,12682,73,0.607457187,Bank Transfer,2.910513752,10.2
489439,20749,01-12-2009 09:28,2,7.95,Female,66,12682,62,4.076450205,Bank Transfer,7.747099591,15.9
489439,POST,01-12-2009 09:28,3,18,Female,78,12682,76,8.848942725,Cash,27.45317183,54
489440,22350,01-12-2009 09:43,8,2.55,Female,89,18087,74,1.634187814,Bank Transfer,7.326497484,20.4
489440,22349,01-12-2009 09:43,8,3.75,Male,84,18087,54,2.962187663,Bank Transfer,6.302498697,30
489441,22321,01-12-2009 09:44,12,0.72,Male,5,18087,78,0.321213457,Cash,4.785438514,8.64
489441,22138,01-12-2009 09:44,6,4.25,Male,82,18087,33,1.969384296,Cash,13.68369422,25.5
489441,84029E,01-12-2009 09:44,36,2.95,Male,5,18087,57,1.76442858,PayPal,42.68057113,106.2
489441,22111,01-12-2009 09:44,48,4.25,Female,98,18087,30,2.322730809,PayPal,92.50892118,204
489442,21955,01-12-2009 09:46,2,6.75,Female,67,13635,19,2.992088212,Credit Card,7.515823576,13.5
489442,22111,01-12-2009 09:46,3,4.95,Male,1,13635,72,3.499527061,Credit Card,4.351418817,14.85
489442,22296,01-12-2009 09:46,12,1.65,Male,59,13635,25,1.186772447,PayPal,5.558730632,19.8
489442,84899E,01-12-2009 09:46,12,1.25,Male,25,13635,55,0.751062462,Bank Transfer,5.98725045,15
489442,22271,01-12-2009 09:46,6,2.95,Male,56,13635,37,1.441563241,Cash,9.050620552,17.7
489442,22272,01-12-2009 09:46,6,2.95,Male,70,13635,56,1.44865391,Credit Card,9.008076541,17.7
489442,85123A,01-12-2009 09:46,6,2.95,Male,54,13635,20,1.277640832,Bank Transfer,10.03415501,17.7
489442,21582,01-12-2009 09:46,20,1.65,Male,32,13635,73,0.681905162,Credit Card,19.36189676,33
489442,21586,01-12-2009 09:46,12,2.55,Male,51,13635,46,1.763453045,Cash,9.438563465,30.6
489442,21590,01-12-2009 09:46,48,1.25,Male,95,13635,65,0.629101481,Cash,29.80312892,60
489442,22091,01-12-2009 09:46,12,1.25,Male,73,13635,62,0.60499187,Bank Transfer,7.740097555,15
489442,84251J,01-12-2009 09:46,12,0.42,Male,66,13635,64,0.170972842,Credit Card,2.988325895,5.04
489442,22024,01-12-2009 09:46,12,0.42,Female,12,13635,50,0.30411933,Cash,1.390568037,5.04
489442,22026,01-12-2009 09:46,12,0.42,Female,27,13635,49,0.196192377,Bank Transfer,2.685691479,5.04
489442,22029,01-12-2009 09:46,12,0.42,Male,34,13635,69,0.27586321,Cash,1.729641477,5.04
489442,22025,01-12-2009 09:46,12,0.42,Male,32,13635,55,0.307888548,Cash,1.345337419,5.04
489442,22031,01-12-2009 09:46,12,0.42,Female,26,13635,34,0.263620596,PayPal,1.876552853,5.04
489442,21428,01-12-2009 09:46,4,4.25,Female,31,13635,72,1.907098405,Cash,9.371606379,17
489442,21430,01-12-2009 09:46,4,3.75,Female,4,13635,28,2.712689023,Cash,4.149243906,15
489442,21916,01-12-2009 09:46,24,0.42,Male,40,13635,59,0.226833246,PayPal,4.636002094,10.08
489442,21790,01-12-2009 09:46,12,0.85,Female,89,13635,45,0.483576226,PayPal,4.397085282,10.2
489442,21888,01-12-2009 09:46,8,3.75,Female,39,13635,78,2.173465275,Cash,12.6122778,30
489442,85178,01-12-2009 09:46,12,1.25,Female,82,13635,59,0.873780728,Cash,4.514631261,15
489443,20754,01-12-2009 09:50,6,2.1,Male,45,14110,53,1.318996967,Cash,4.6860182,12.6
489443,21035,01-12-2009 09:50,12,2.95,Male,39,14110,65,1.205332205,Bank Transfer,20.93601354,35.4
489443,22041,01-12-2009 09:50,48,2.1,Female,44,14110,48,0.862745812,Credit Card,59.388201,100.8
489443,82001S,01-12-2009 09:50,24,3.39,Male,53,14110,59,1.367520236,PayPal,48.53951434,81.36
489443,82580,01-12-2009 09:50,12,0.55,Female,18,14110,58,0.256584085,Bank Transfer,3.520990978,6.6
489443,85150,01-12-2009 09:50,12,2.55,Male,18,14110,47,1.380652786,PayPal,14.03216657,30.6
489443,21041,01-12-2009 09:50,6,2.95,Male,6,14110,72,2.050182903,PayPal,5.398902582,17.7
489444,POST,01-12-2009 09:55,1,141,Female,56,12636,62,91.4800629,PayPal,49.5199371,141
489445,35916C,01-12-2009 09:57,12,0.85,Male,86,17519,67,0.622808641,Bank Transfer,2.726296306,10.2
489445,35916B,01-12-2009 09:57,12,0.85,Female,85,17519,60,0.406992401,PayPal,5.316091191,10.2
489445,22321,01-12-2009 09:57,24,0.85,Male,51,17519,57,0.348487663,PayPal,12.03629608,20.4
489445,22130,01-12-2009 09:57,12,0.85,Female,47,17519,37,0.646974885,Bank Transfer,2.43630138,10.2
489445,22180,01-12-2009 09:57,2,9.95,Male,53,17519,24,7.79940143,PayPal,4.30119714,19.9
489445,22128,01-12-2009 09:57,12,1.25,Female,71,17519,44,0.501524329,Credit Card,8.981708046,15
489445,22163,01-12-2009 09:57,6,2.95,Female,51,17519,61,1.772612115,Cash,7.064327308,17.7
489445,35951,01-12-2009 09:57,48,0.38,Female,70,17519,49,0.214216045,PayPal,7.95762985,18.24
489445,22253,01-12-2009 09:57,12,1.25,Female,4,17519,33,0.514867108,Bank Transfer,8.821594707,15
489445,84988,01-12-2009 09:57,12,1.45,Male,39,17519,76,1.03950625,PayPal,4.925925006,17.4
489445,22219,01-12-2009 09:57,24,0.85,Male,63,17519,34,0.580905266,Cash,6.458273622,20.4
489445,18097C,01-12-2009 09:57,6,2.55,Female,9,17519,61,1.431230455,PayPal,6.712617271,15.3
489445,22138,01-12-2009 09:57,3,4.95,Male,50,17519,34,3.256033083,Bank Transfer,5.081900751,14.85
489445,21299,01-12-2009 09:57,1,12.75,Female,65,17519,48,6.937623401,Bank Transfer,5.812376599,12.75
489445,21099,01-12-2009 09:57,24,0.65,Female,6,17519,39,0.420434854,PayPal,5.509563495,15.6
489445,21085,01-12-2009 09:57,24,0.65,Male,72,17519,36,0.404371588,Credit Card,5.895081899,15.6
489445,21929,01-12-2009 09:57,10,1.95,Male,39,17519,56,1.23814382,Cash,7.118561801,19.5
489445,22241,01-12-2009 09:57,24,1.25,Female,39,17519,29,0.902970718,Bank Transfer,8.328702758,30
489445,21091,01-12-2009 09:57,12,0.85,Female,56,17519,41,0.629677969,PayPal,2.643864368,10.2
489446,21733,01-12-2009 10:06,32,2.55,Female,70,13758,49,1.98516192,Credit Card,18.07481855,81.6
489446,85123A,01-12-2009 10:06,32,2.55,Male,69,13758,30,1.998185629,Cash,17.65805987,81.6
489446,22178,01-12-2009 10:06,12,1.25,Male,10,13758,67,0.846258208,Cash,4.844901504,15
489446,22125,01-12-2009 10:06,12,5.95,Male,91,13758,68,3.363163881,Bank Transfer,31.04203343,71.4
489446,21671,01-12-2009 10:06,12,1.25,Female,90,13758,35,0.928634768,PayPal,3.856382781,15
489446,22086,01-12-2009 10:06,12,2.95,Male,24,13758,76,2.29946583,Credit Card,7.806410034,35.4
489446,22111,01-12-2009 10:06,6,4.95,Male,66,13758,73,3.583248156,Bank Transfer,8.200511062,29.7
489446,22112,01-12-2009 10:06,12,4.95,Female,89,13758,67,2.465858962,Credit Card,29.80969245,59.4
489446,22294,01-12-2009 10:06,24,1.25,Male,22,13758,33,0.899780023,Bank Transfer,8.405279441,30
489446,22199,01-12-2009 10:06,4,4.25,Male,3,13758,68,2.755378808,PayPal,5.978484769,17
489446,22083,01-12-2009 10:06,24,2.95,Female,5,13758,31,1.931206992,Bank Transfer,24.45103218,70.8
489446,22114,01-12-2009 10:06,12,3.95,Female,13,13758,77,1.915166156,Cash,24.41800612,47.4
489446,21485,01-12-2009 10:06,12,4.95,Male,88,13758,79,3.834044844,PayPal,13.39146187,59.4
489446,21928,01-12-2009 10:06,10,1.95,Male,49,13758,31,0.786699964,PayPal,11.63300036,19.5
489446,21929,01-12-2009 10:06,10,1.95,Female,36,13758,49,0.991947918,Bank Transfer,9.58052082,19.5
489446,85099B,01-12-2009 10:06,20,1.95,Female,26,13758,43,1.20008385,PayPal,14.998323,39
489446,22356,01-12-2009 10:06,10,0.85,Male,39,13758,21,0.49843052,PayPal,3.515694798,8.5
489446,20724,01-12-2009 10:06,10,0.85,Female,98,13758,72,0.388408089,Cash,4.615919107,8.5
489446,21590,01-12-2009 10:06,24,1.25,Male,7,13758,24,0.749239081,PayPal,12.01826205,30
489446,21592,01-12-2009 10:06,24,1.25,Male,45,13758,66,0.971307326,PayPal,6.688624175,30
489446,20725,01-12-2009 10:06,10,1.65,Female,72,13758,69,0.875640182,Cash,7.743598177,16.5
489446,20728,01-12-2009 10:06,10,1.65,Female,67,13758,32,1.190306011,Credit Card,4.596939887,16.5
489446,20726,01-12-2009 10:06,10,1.65,Male,86,13758,65,1.318888453,PayPal,3.311115467,16.5
489446,20754,01-12-2009 10:06,12,2.1,Female,67,13758,68,1.21720091,PayPal,10.59358909,25.2
489446,21217,01-12-2009 10:06,12,8.95,Male,81,13758,55,4.046811702,Bank Transfer,58.83825958,107.4
489446,22195,01-12-2009 10:06,12,1.65,Female,96,13758,44,0.721095644,Bank Transfer,11.14685227,19.8
489446,85066,01-12-2009 10:06,2,12.75,Male,83,13758,72,7.477486295,PayPal,10.54502741,25.5
489447,POST,01-12-2009 10:10,1,130,Male,23,12362,63,70.89820245,PayPal,59.10179755,130
489448,20827,01-12-2009 10:18,48,2.12,Male,33,15413,30,1.495539396,Credit Card,29.97410901,101.76
489448,20825,01-12-2009 10:18,48,3.39,Female,5,15413,23,2.621900833,Cash,36.86876,162.72
489448,20823,01-12-2009 10:18,48,4.25,Male,37,15413,68,2.443008706,PayPal,86.73558209,204
489448,20826,01-12-2009 10:18,48,2.12,Male,94,15413,54,1.61106041,Cash,24.42910034,101.76
C489449,22087,01-12-2009 10:33,-12,2.95,Female,90,16321,71,2.171693911,Bank Transfer,-9.339673069,-35.4
C489449,85206A,01-12-2009 10:33,-6,1.65,Female,76,16321,24,0.82179732,Bank Transfer,-4.969216079,-9.9
C489449,21895,01-12-2009 10:33,-4,4.25,Female,79,16321,43,2.048461998,Cash,-8.80615201,-17
C489449,21896,01-12-2009 10:33,-6,2.1,Female,54,16321,29,1.025800602,Credit Card,-6.445196388,-12.6
C489449,22083,01-12-2009 10:33,-12,2.95,Female,66,16321,29,2.270561943,Credit Card,-8.153256684,-35.4
C489449,21871,01-12-2009 10:33,-12,1.25,Male,41,16321,26,0.674698201,Cash,-6.903621592,-15
C489449,84946,01-12-2009 10:33,-12,1.25,Female,94,16321,57,0.509328425,Cash,-8.888058899,-15
C489449,84970S,01-12-2009 10:33,-24,0.85,Male,22,16321,22,0.557105058,Bank Transfer,-7.029478613,-20.4
C489449,22090,01-12-2009 10:33,-12,2.95,Male,84,16321,30,1.519761815,Cash,-17.16285822,-35.4
489450,22087,01-12-2009 10:36,12,2.95,Male,60,16321,79,2.332028735,Bank Transfer,7.415655177,35.4
489450,85206A,01-12-2009 10:36,6,1.65,Male,76,16321,62,0.839200842,Cash,4.864794946,9.9
489450,21895,01-12-2009 10:36,4,4.25,Male,78,16321,42,2.626938012,Cash,6.492247953,17
489450,21896,01-12-2009 10:36,6,2.1,Male,61,16321,30,1.651656135,Cash,2.690063188,12.6
489450,22083,01-12-2009 10:36,12,2.95,Female,5,16321,71,1.695130884,Bank Transfer,15.05842939,35.4
489450,21871,01-12-2009 10:36,12,1.25,Female,46,16321,35,0.911194547,Credit Card,4.065665431,15
489450,84946,01-12-2009 10:36,12,1.25,Male,57,16321,51,0.814155339,Credit Card,5.230135928,15
489450,84970S,01-12-2009 10:36,24,0.85,Male,35,16321,26,0.414838505,Cash,10.44387587,20.4
489450,22090,01-12-2009 10:36,12,2.95,Male,90,16321,19,1.38284191,PayPal,18.80589708,35.4
C489459,90200A,01-12-2009 10:44,-3,4.25,Female,41,17592,24,2.228833959,PayPal,-6.063498122,-12.75
C489459,90200D,01-12-2009 10:44,-3,4.25,Male,9,17592,21,2.918292963,Cash,-3.99512111,-12.75
C489459,90200B,01-12-2009 10:44,-3,4.25,Female,13,17592,37,2.666927619,Credit Card,-4.749217143,-12.75
C489459,90200E,01-12-2009 10:44,-3,4.25,Male,48,17592,62,1.823611691,Bank Transfer,-7.279164928,-12.75
C489459,90200C,01-12-2009 10:44,-3,4.25,Female,14,17592,54,2.653103775,PayPal,-4.790688676,-12.75
C489459,90185C,01-12-2009 10:44,-3,4.25,Male,9,17592,21,2.265748558,Bank Transfer,-5.952754327,-12.75
C489459,90185B,01-12-2009 10:44,-3,4.25,Male,5,17592,40,2.850242848,Bank Transfer,-4.199271455,-12.75
C489459,90003C,01-12-2009 10:44,-3,3.75,Male,55,17592,22,2.980929147,Cash,-2.307212558,-11.25
C489459,90003D,01-12-2009 10:44,-3,3.75,Female,20,17592,57,2.629897713,Cash,-3.360306862,-11.25
C489459,90003B,01-12-2009 10:44,-3,3.75,Female,35,17592,40,2.680060059,Bank Transfer,-3.209819822,-11.25
C489459,90209C,01-12-2009 10:44,-3,2.1,Female,66,17592,27,1.523345899,Cash,-1.729962304,-6.3
C489459,90209A,01-12-2009 10:44,-3,2.1,Male,87,17592,74,1.126914857,Cash,-2.919255429,-6.3
C489459,90082D,01-12-2009 10:44,-2,6.35,Female,47,17592,50,3.310758408,PayPal,-6.078483185,-12.7
489460,79323P,01-12-2009 10:46,8,6.75,Male,17,16167,51,2.724069955,Credit Card,32.20744036,54
489460,21977,01-12-2009 10:46,24,0.55,Female,18,16167,70,0.439580903,Credit Card,2.650058326,13.2
489460,84991,01-12-2009 10:46,24,0.55,Male,53,16167,32,0.232192222,PayPal,7.62738668,13.2
489460,22274,01-12-2009 10:46,6,2.95,Female,73,16167,75,1.207810124,PayPal,10.45313926,17.7
489460,22273,01-12-2009 10:46,6,2.95,Female,35,16167,66,1.791449644,Bank Transfer,6.951302134,17.7
489460,22179,01-12-2009 10:46,4,6.75,Male,12,16167,38,2.757279122,Bank Transfer,15.97088351,27
489460,22320,01-12-2009 10:46,3,5.95,Female,81,16167,75,2.915072544,Credit Card,9.104782368,17.85
489460,22232,01-12-2009 10:46,8,1.65,Male,75,16167,58,1.236084921,Bank Transfer,3.311320636,13.2
489460,84598,01-12-2009 10:46,576,0.21,Female,35,16167,50,0.131327017,Cash,45.31563822,120.96
489460,79323W,01-12-2009 10:46,8,6.75,Male,84,16167,73,4.567855243,Credit Card,17.45715805,54
489460,22138,01-12-2009 10:46,3,4.95,Female,74,16167,68,3.051401157,PayPal,5.695796528,14.85
489460,22139,01-12-2009 10:46,3,4.95,Female,75,16167,71,3.846632405,Credit Card,3.310102785,14.85
489460,79323S,01-12-2009 10:46,4,6.75,Female,50,16167,68,4.990302293,Bank Transfer,7.03879083,27
489460,21731,01-12-2009 10:46,12,1.65,Male,70,16167,63,0.91950336,Cash,8.765959675,19.8
489460,84568,01-12-2009 10:46,288,0.21,Female,75,16167,40,0.165762608,Bank Transfer,12.74036892,60.48
489461,21668,01-12-2009 10:49,24,1.25,Male,69,17865,75,0.578380185,PayPal,16.11887555,30
489461,21669,01-12-2009 10:49,24,1.25,Female,68,17865,71,0.555367858,Credit Card,16.67117142,30
489461,21670,01-12-2009 10:49,24,1.25,Female,69,17865,59,0.571985661,Cash,16.27234414,30
489461,21671,01-12-2009 10:49,24,1.25,Female,75,17865,40,0.899795449,PayPal,8.404909235,30
489461,21672,01-12-2009 10:49,24,1.25,Female,74,17865,53,0.851114226,Bank Transfer,9.573258581,30
489461,21673,01-12-2009 10:49,24,1.25,Female,40,17865,27,0.985790131,Cash,6.341036861,30
489461,22125,01-12-2009 10:49,3,5.95,Female,3,17865,47,3.617739134,Bank Transfer,6.996782598,17.85
489461,21232,01-12-2009 10:49,48,1.25,Female,24,17865,56,0.836839949,Bank Transfer,19.83168247,60
489461,85071A,01-12-2009 10:49,6,2.95,Female,72,17865,79,1.760857332,PayPal,7.134856008,17.7
489461,85071B,01-12-2009 10:49,6,2.95,Female,97,17865,52,2.338354153,Cash,3.669875085,17.7
489461,21161,01-12-2009 10:49,12,1.45,Female,59,17865,60,0.584673929,Cash,10.38391285,17.4
489461,21162,01-12-2009 10:49,12,1.45,Male,96,17865,46,1.139899568,Bank Transfer,3.721205179,17.4
489461,21248,01-12-2009 10:49,12,1.45,Male,52,17865,35,0.72032566,PayPal,8.75609208,17.4
489461,21159,01-12-2009 10:49,12,1.45,Female,47,17865,56,0.798394293,Credit Card,7.819268483,17.4
489461,82582,01-12-2009 10:49,12,2.1,Male,38,17865,74,1.403653498,Cash,8.356158028,25.2
489461,21181,01-12-2009 10:49,6,2.1,Male,44,17865,66,0.863691327,Bank Transfer,7.417852037,12.6
489461,85150,01-12-2009 10:49,6,2.55,Male,20,17865,64,1.960851302,Credit Card,3.534892188,15.3
489461,82494L,01-12-2009 10:49,6,2.95,Female,65,17865,47,2.277076541,PayPal,4.037540755,17.7
489461,82486,01-12-2009 10:49,2,7.95,Male,99,17865,39,4.781951756,Credit Card,6.336096488,15.9
489461,82483,01-12-2009 10:49,3,5.95,Female,66,17865,51,4.202866866,Bank Transfer,5.241399402,17.85
489462,90200D,01-12-2009 10:49,3,4.25,Female,31,17592,76,2.523970006,Cash,5.178089983,12.75
489462,90200E,01-12-2009 10:49,3,4.25,Male,47,17592,77,1.726782032,Credit Card,7.569653903,12.75
489461,21212,01-12-2009 10:49,24,0.55,Female,56,17865,77,0.412602802,Cash,3.297532757,13.2
489461,84991,01-12-2009 10:49,24,0.55,Male,63,17865,79,0.435418613,Cash,2.749953295,13.2
489461,22180,01-12-2009 10:49,2,9.95,Female,87,17865,54,5.948209508,PayPal,8.003580983,19.9
489461,72756,01-12-2009 10:49,27,1.49,Female,91,17865,64,1.066755383,Cash,11.42760465,40.23
489461,22063,01-12-2009 10:49,6,2.95,Male,42,17865,29,1.407636584,Bank Transfer,9.254180497,17.7
489461,37450,01-12-2009 10:49,6,2.95,Male,13,17865,63,1.342585003,PayPal,9.64448998,17.7
489462,90200A,01-12-2009 10:49,3,4.25,Male,3,17592,58,2.182488449,Cash,6.202534654,12.75
489462,90200C,01-12-2009 10:49,3,4.25,Female,4,17592,29,3.1397483,Credit Card,3.3307551,12.75
489462,90200B,01-12-2009 10:49,3,4.25,Female,74,17592,70,2.240365314,PayPal,6.028904059,12.75
489462,90185C,01-12-2009 10:49,3,4.25,Male,17,17592,55,1.797848555,Bank Transfer,7.356454335,12.75
489462,90185B,01-12-2009 10:49,3,4.25,Male,96,17592,73,2.155300266,Credit Card,6.284099203,12.75
489462,90003C,01-12-2009 10:49,3,3.75,Female,12,17592,18,2.198655422,Bank Transfer,4.654033734,11.25
489462,90003D,01-12-2009 10:49,3,3.75,Male,48,17592,68,1.612403397,Bank Transfer,6.412789808,11.25
489462,90003B,01-12-2009 10:49,3,3.75,Male,81,17592,24,2.715129871,Credit Card,3.104610388,11.25
489462,90209C,01-12-2009 10:49,3,2.1,Female,31,17592,55,1.263179621,Cash,2.510461138,6.3
489462,90209A,01-12-2009 10:49,3,2.1,Female,46,17592,46,1.000692527,Bank Transfer,3.29792242,6.3
489462,90082D,01-12-2009 10:49,2,6.35,Male,20,17592,68,3.65826705,Bank Transfer,5.383465901,12.7
489464,21733,01-12-2009 10:52,-96,0,,55,,,0,Cash,0,0
489465,21707,01-12-2009 10:52,12,4.95,Female,79,13767,67,2.633412578,Credit Card,27.79904907,59.4
489465,21710,01-12-2009 10:52,12,4.95,Male,17,13767,60,3.046919618,Bank Transfer,22.83696459,59.4
489465,21708,01-12-2009 10:52,12,4.95,Female,15,13767,46,3.679818389,Bank Transfer,15.24217934,59.4
489465,21706,01-12-2009 10:52,12,4.95,Male,89,13767,35,3.244037384,Cash,20.4715514,59.4
489465,21711,01-12-2009 10:52,12,4.95,Male,26,13767,77,2.174785683,Cash,33.3025718,59.4
489465,20747,01-12-2009 10:52,4,14.95,Male,44,13767,42,7.268478997,Bank Transfer,30.72608401,59.8
489465,22125,01-12-2009 10:52,12,5.95,Female,94,13767,25,4.290481785,Bank Transfer,19.91421858,71.4
489465,85123A,01-12-2009 10:52,64,2.55,Male,85,13767,45,1.970051127,Cash,37.11672787,163.2
489465,21733,01-12-2009 10:52,20,2.95,Male,51,13767,77,1.470191577,Cash,29.59616846,59
489465,20752,01-12-2009 10:52,8,2.1,Female,89,13767,31,1.247021751,Cash,6.823825989,16.8
489465,20753,01-12-2009 10:52,8,2.1,Male,38,13767,24,1.28293748,Bank Transfer,6.536500162,16.8
489465,20754,01-12-2009 10:52,8,2.1,Male,19,13767,73,1.028681937,PayPal,8.570544503,16.8
489465,20751,01-12-2009 10:52,12,2.1,Male,39,13767,53,1.34015132,Cash,9.11818416,25.2
489465,48185,01-12-2009 10:52,4,6.75,Female,66,13767,31,5.365759293,Bank Transfer,5.536962829,27
489465,22114,01-12-2009 10:52,12,3.95,Male,95,13767,56,2.268063158,Cash,20.1832421,47.4
489465,21481,01-12-2009 10:52,8,2.95,Female,75,13767,51,1.991082576,Bank Transfer,7.67133939,23.6
489465,85042,01-12-2009 10:52,24,4.25,Female,2,13767,56,2.786837305,Cash,35.11590468,102
489465,72760B,01-12-2009 10:52,4,9.95,Female,65,13767,54,5.876140252,PayPal,16.29543899,39.8
489465,84879,01-12-2009 10:52,160,1.45,Male,43,13767,65,1.041302079,PayPal,65.39166729,232
489463,71477,01-12-2009 10:52,-240,0,,87,,,0,PayPal,0,0
489467,85123A,01-12-2009 10:53,-192,0,,4,,,0,PayPal,0,0
C489476,22149,01-12-2009 10:55,-6,2.1,Female,71,13293,67,1.365427814,Credit Card,-4.407433116,-12.6
489488,84031B,01-12-2009 10:59,1,4.65,Male,28,17238,75,1.985281283,Credit Card,2.664718717,4.65
489488,84032A,01-12-2009 10:59,1,2.95,Male,50,17238,19,1.284635783,Cash,1.665364217,2.95
489488,84032B,01-12-2009 10:59,1,2.95,Female,28,17238,38,1.927347546,Cash,1.022652454,2.95
489488,22125,01-12-2009 10:59,2,5.95,Male,62,17238,68,3.405071026,Cash,5.089857947,11.9
489488,21482,01-12-2009 10:59,2,2.95,Female,83,17238,46,2.336240497,Bank Transfer,1.227519005,5.9
489488,21484,01-12-2009 10:59,3,3.45,Female,89,17238,31,2.482299124,PayPal,2.903102629,10.35
489488,20967,01-12-2009 10:59,1,3.75,Female,71,17238,73,2.273528162,Cash,1.476471838,3.75
489488,20970,01-12-2009 10:59,2,3.75,Male,92,17238,70,2.587048608,Credit Card,2.325902783,7.5
489488,21100,01-12-2009 10:59,2,1.65,Male,84,17238,75,1.23709869,PayPal,0.825802621,3.3
489488,84582,01-12-2009 10:59,2,4.25,Female,72,17238,51,2.202407748,Cash,4.095184504,8.5
489488,20972,01-12-2009 10:59,3,1.25,Male,85,17238,30,0.668623543,PayPal,1.744129372,3.75
489488,20971,01-12-2009 10:59,1,1.25,Male,93,17238,52,0.918575886,Cash,0.331424114,1.25
489488,84327A,01-12-2009 10:59,2,2.1,Male,17,17238,66,1.644080803,PayPal,0.911838394,4.2
489488,22125,01-12-2009 10:59,1,5.95,Female,70,17238,66,3.692465996,Bank Transfer,2.257534004,5.95
489488,21490,01-12-2009 10:59,3,1.95,Female,62,17238,52,1.477642977,PayPal,1.417071069,5.85
489488,21063,01-12-2009 10:59,4,0.85,Male,57,17238,74,0.466355898,Bank Transfer,1.534576409,3.4
489488,21058,01-12-2009 10:59,3,0.85,Male,28,17238,36,0.59977195,Cash,0.750684149,2.55
489488,22086,01-12-2009 10:59,5,2.95,Male,10,17238,76,1.453481898,Bank Transfer,7.482590508,14.75
489488,84997D,01-12-2009 10:59,4,3.75,Male,80,17238,39,2.31385929,Bank Transfer,5.744562841,15
489488,84997C,01-12-2009 10:59,4,3.75,Male,35,17238,75,1.756122704,Cash,7.975509182,15
489488,22301,01-12-2009 10:59,2,2.55,Male,82,17238,55,1.34371122,Credit Card,2.41257756,5.1
489488,22300,01-12-2009 10:59,3,2.55,Female,4,17238,23,2.030767006,Credit Card,1.557698982,7.65
489488,21493,01-12-2009 10:59,6,0.85,Male,55,17238,25,0.502967356,Cash,2.082195863,5.1
489488,21231,01-12-2009 10:59,4,1.25,Male,46,17238,70,0.707526342,PayPal,2.169894634,5
489488,20870,01-12-2009 10:59,6,2.1,Male,44,17238,41,1.329050838,PayPal,4.625694974,12.6
489488,90121B,01-12-2009 10:59,4,4.25,Female,46,17238,38,3.302016928,Credit Card,3.791932289,17
489488,90175A,01-12-2009 10:59,2,8.95,Female,9,17238,23,5.288932715,Bank Transfer,7.322134571,17.9
489488,90195B,01-12-2009 10:59,2,8.95,Female,97,17238,48,6.547414691,Bank Transfer,4.805170617,17.9
489488,90062,01-12-2009 10:59,2,12.75,Female,89,17238,39,8.235194272,PayPal,9.029611456,25.5
489488,21930,01-12-2009 10:59,2,1.95,Female,10,17238,46,1.187151752,Bank Transfer,1.525696495,3.9
C489503,21540,01-12-2009 11:04,-2,4.25,Male,78,16011,21,2.124683305,PayPal,-4.25063339,-8.5
C489503,21533,01-12-2009 11:04,-1,4.95,Female,41,16011,24,2.664182146,Credit Card,-2.285817854,-4.95
C489504,85083,01-12-2009 11:10,-6,2.55,Female,74,13916,35,1.793601122,PayPal,-4.538393271,-15.3
489505,21472,01-12-2009 11:17,6,3.75,Female,58,15712,39,2.71747121,PayPal,6.195172743,22.5
489505,85099B,01-12-2009 11:17,10,1.95,Female,19,15712,65,0.789317535,PayPal,11.60682465,19.5
489505,48185,01-12-2009 11:17,10,5.95,Male,83,15712,75,2.739757915,Credit Card,32.10242085,59.5
489505,47566B,01-12-2009 11:17,5,4.65,Female,54,15712,39,3.30723253,Credit Card,6.713837351,23.25
489505,21929,01-12-2009 11:17,10,1.95,Female,11,15712,79,1.367468557,Credit Card,5.82531443,19.5
489505,22139,01-12-2009 11:17,6,4.95,Female,41,15712,34,3.925263984,PayPal,6.148416097,29.7
489505,22086,01-12-2009 11:17,6,2.95,Male,23,15712,30,1.468093497,Credit Card,8.89143902,17.7
489505,22275,01-12-2009 11:17,4,8.5,Female,15,15712,22,4.94635367,PayPal,14.21458532,34
489505,22138,01-12-2009 11:17,3,4.95,Female,26,15712,46,2.660866391,PayPal,6.867400826,14.85
489505,21479,01-12-2009 11:17,4,3.75,Male,100,15712,48,1.615800073,Credit Card,8.536799709,15
489514,21791,01-12-2009 11:21,72,1.06,Female,26,15311,62,0.480297883,Credit Card,41.73855242,76.32
489514,84032A,01-12-2009 11:21,36,2.55,Female,82,15311,78,1.126498613,Credit Card,51.24604995,91.8
489514,85042,01-12-2009 11:21,24,4.25,Male,14,15311,23,3.293833051,Bank Transfer,22.94800677,102
489514,71477,01-12-2009 11:21,24,2.75,Female,29,15311,58,1.842104637,Credit Card,21.78948871,66
489514,37449,01-12-2009 11:21,8,8.5,Male,61,15311,44,5.779992397,PayPal,21.76006082,68
489514,37446,01-12-2009 11:21,32,1.25,Male,54,15311,75,0.992735226,Cash,8.232472754,40
489514,21955,01-12-2009 11:21,10,5.95,Female,68,15311,31,3.828395519,Cash,21.21604481,59.5
489514,21258,01-12-2009 11:21,8,10.95,Female,27,15311,51,7.739428514,Bank Transfer,25.68457189,87.6
489514,20892,01-12-2009 11:21,8,3.95,Male,10,15311,63,2.847380042,Cash,8.820959663,31.6
489514,47591D,01-12-2009 11:21,50,1.65,Male,27,15311,72,1.05132603,Bank Transfer,29.9336985,82.5
489514,21867,01-12-2009 11:21,1,1.25,Male,15,15311,77,0.586183991,Credit Card,0.663816009,1.25
489514,21041,01-12-2009 11:21,5,2.95,Male,93,15311,57,1.69278597,PayPal,6.286070151,14.75
489514,82551,01-12-2009 11:21,2,1.25,Female,73,15311,64,0.611790708,Bank Transfer,1.276418583,2.5
489514,82567,01-12-2009 11:21,1,2.1,Female,34,15311,20,0.894274919,Credit Card,1.205725081,2.1
489514,21161,01-12-2009 11:21,3,1.45,Male,55,15311,30,0.773411241,Bank Transfer,2.029766277,4.35
489514,82613D,01-12-2009 11:21,2,1.25,Male,33,15311,30,0.876083375,PayPal,0.747833249,2.5
489514,21179,01-12-2009 11:21,2,1.25,Female,68,15311,43,0.643178808,PayPal,1.213642384,2.5
489514,21865,01-12-2009 11:21,3,2.1,Male,52,15311,49,1.118634522,Cash,2.944096435,6.3
489514,72783,01-12-2009 11:21,2,2.1,Female,17,15311,27,0.937750996,Cash,2.324498009,4.2
489514,20719,01-12-2009 11:21,3,0.85,Female,91,15311,48,0.601343888,PayPal,0.745968336,2.55
489514,21869,01-12-2009 11:21,2,1.25,Male,75,15311,57,0.707694019,Cash,1.084611961,2.5
489514,21876,01-12-2009 11:21,2,1.25,Female,48,15311,76,0.685477959,PayPal,1.129044082,2.5
489514,20754,01-12-2009 11:21,3,2.1,Male,8,15311,55,0.998292774,PayPal,3.305121677,6.3
489514,84849B,01-12-2009 11:21,2,1.69,Female,100,15311,50,1.256711141,Cash,0.866577718,3.38
489514,21864,01-12-2009 11:21,5,2.1,Female,61,15311,63,0.859532166,Credit Card,6.202339172,10.5
489514,21470,01-12-2009 11:21,2,3.75,Male,90,15311,28,2.547452888,Bank Transfer,2.405094223,7.5
489514,20897,01-12-2009 11:21,2,2.95,Male,40,15311,55,2.204738664,PayPal,1.490522673,5.9
489514,44230,01-12-2009 11:21,1,7.95,Male,53,15311,26,5.933992219,Cash,2.016007781,7.95
489514,37485,01-12-2009 11:21,2,4.65,Female,38,15311,67,2.484542172,Cash,4.330915656,9.3
489514,84997A,01-12-2009 11:21,3,3.75,Male,86,15311,79,2.16645811,Bank Transfer,4.750625669,11.25
489514,21245,01-12-2009 11:21,3,1.69,Female,18,15311,51,1.255623024,Bank Transfer,1.303130927,5.07
489514,21241,01-12-2009 11:21,3,0.85,Female,5,15311,79,0.490691778,Bank Transfer,1.077924666,2.55
489517,21705,01-12-2009 11:34,1,1.65,Female,58,16329,25,1.310499717,Bank Transfer,0.339500283,1.65
489517,21913,01-12-2009 11:34,1,3.75,Female,90,16329,56,1.747999935,Bank Transfer,2.002000065,3.75
489517,21912,01-12-2009 11:34,1,3.75,Female,97,16329,28,2.75432299,Credit Card,0.99567701,3.75
489517,16207A,01-12-2009 11:34,2,2.95,Male,65,16329,25,1.31992716,PayPal,3.26014568,5.9
489517,21821,01-12-2009 11:34,1,3.75,Female,55,16329,42,2.173616177,Cash,1.576383823,3.75
489517,85123A,01-12-2009 11:34,1,2.95,Male,80,16329,47,1.783246119,Credit Card,1.166753881,2.95
489517,22319,01-12-2009 11:34,12,0.65,Male,65,16329,27,0.318389808,Bank Transfer,3.979322298,7.8
489517,22130,01-12-2009 11:34,6,0.85,Male,1,16329,49,0.371927026,Credit Card,2.868437845,5.1
489517,21584,01-12-2009 11:34,20,1.65,Female,90,16329,53,1.266643622,Cash,7.66712756,33
489517,20972,01-12-2009 11:34,1,1.25,Female,83,16329,42,0.627648159,Bank Transfer,0.622351841,1.25
489517,21912,01-12-2009 11:34,1,3.75,Female,35,16329,32,2.377274876,PayPal,1.372725124,3.75
489517,21791,01-12-2009 11:34,6,1.25,Male,27,16329,75,0.717692026,Bank Transfer,3.193847842,7.5
489517,21790,01-12-2009 11:34,4,0.85,Female,37,16329,67,0.5420081,PayPal,1.231967601,3.4
489517,21931,01-12-2009 11:34,1,1.95,Male,48,16329,36,1.171382975,Bank Transfer,0.778617025,1.95
489517,20711,01-12-2009 11:34,1,1.95,Male,31,16329,74,1.20797267,Cash,0.74202733,1.95
489517,47591A,01-12-2009 11:34,1,1.65,Male,46,16329,50,0.962161141,Cash,0.687838859,1.65
489517,84997B,01-12-2009 11:34,12,3.75,Male,67,16329,33,2.350875055,Credit Card,16.78949934,45
489517,84997A,01-12-2009 11:34,12,3.75,Female,76,16329,52,2.214713125,Cash,18.4234425,45
489517,21491,01-12-2009 11:34,1,1.95,Female,84,16329,67,1.519820808,Cash,0.430179192,1.95
489517,22122,01-12-2009 11:34,12,2.95,Female,77,16329,18,1.747663849,Cash,14.42803382,35.4
489517,20971,01-12-2009 11:34,1,1.25,Female,62,16329,43,0.721673011,Bank Transfer,0.528326989,1.25
489517,21252,01-12-2009 11:34,1,2.95,Male,81,16329,51,2.081974261,Cash,0.868025739,2.95
489517,22130,01-12-2009 11:34,6,0.85,Male,60,16329,73,0.473368978,Bank Transfer,2.25978613,5.1
489517,22319,01-12-2009 11:34,12,0.65,Male,78,16329,58,0.344238376,Credit Card,3.669139489,7.8
489517,21913,01-12-2009 11:34,1,3.75,Male,90,16329,40,2.77931936,Credit Card,0.97068064,3.75
489517,21821,01-12-2009 11:34,1,3.75,Male,18,16329,30,2.393530044,Credit Card,1.356469956,3.75
489517,21837,01-12-2009 11:34,2,5.95,Male,31,16329,79,3.821226187,Credit Card,4.257547627,11.9
489517,84951A,01-12-2009 11:34,1,2.55,Male,84,16329,63,1.80160973,Bank Transfer,0.74839027,2.55
489517,22335,01-12-2009 11:34,1,0.65,Female,89,16329,65,0.487617578,PayPal,0.162382422,0.65
489517,84951A,01-12-2009 11:34,1,2.55,Female,8,16329,39,1.298507548,Bank Transfer,1.251492452,2.55
489517,21491,01-12-2009 11:34,1,1.95,Male,71,16329,21,1.211824337,Cash,0.738175663,1.95
489517,21791,01-12-2009 11:34,1,1.25,Female,90,16329,27,0.544550556,PayPal,0.705449444,1.25
489517,21790,01-12-2009 11:34,1,0.85,Female,39,16329,37,0.619235338,Credit Card,0.230764662,0.85
489517,21912,01-12-2009 11:34,1,3.75,Male,32,16329,19,2.751344012,Cash,0.998655988,3.75
489517,85129A,01-12-2009 11:34,1,1.25,Female,31,16329,75,0.836470051,Credit Card,0.413529949,1.25
489517,84791,01-12-2009 11:34,1,2.95,Male,18,16329,21,1.250943958,Bank Transfer,1.699056042,2.95
489517,21244,01-12-2009 11:34,4,1.69,Female,54,16329,57,1.167595787,PayPal,2.089616854,6.76
489517,20675,01-12-2009 11:34,4,1.25,Male,35,16329,77,0.968980889,Bank Transfer,1.124076445,5
C489518,20892,01-12-2009 11:35,-2,12.75,Female,94,15461,74,8.213439729,Bank Transfer,-9.073120542,-25.5
C489518,85048,01-12-2009 11:35,-1,7.95,Male,49,15461,27,4.812580197,Cash,-3.137419803,-7.95
C489518,22138,01-12-2009 11:35,-1,4.95,Female,14,15461,29,3.811514631,Cash,-1.138485369,-4.95
489519,22086,01-12-2009 11:37,12,2.95,Female,44,17700,24,1.490760709,Credit Card,17.51087149,35.4
489519,85123A,01-12-2009 11:37,32,2.55,Female,59,17700,44,1.046272353,Cash,48.11928471,81.6
489519,82616B,01-12-2009 11:37,6,2.95,Female,47,17700,79,1.987772322,Credit Card,5.773366069,17.7
489519,22276,01-12-2009 11:37,6,2.55,Female,95,17700,45,1.136409514,Credit Card,8.481542919,15.3
489519,84912B,01-12-2009 11:37,4,3.75,Female,39,17700,22,2.23252443,Bank Transfer,6.069902282,15
489519,85014C,01-12-2009 11:37,3,5.95,Female,59,17700,57,4.456584834,Credit Card,4.480245497,17.85
489519,85014A,01-12-2009 11:37,3,5.95,Male,51,17700,62,3.545449301,Cash,7.213652096,17.85
489519,85014B,01-12-2009 11:37,3,5.95,Male,51,17700,19,2.454188742,Bank Transfer,10.48743378,17.85
489519,85014D,01-12-2009 11:37,3,5.95,Female,19,17700,79,3.993233683,Cash,5.870298952,17.85
489519,21326,01-12-2009 11:37,12,0.65,Female,63,17700,77,0.463375798,Credit Card,2.239490427,7.8
489519,84946,01-12-2009 11:37,12,1.25,Female,60,17700,76,0.70973107,PayPal,6.483227157,15
489519,84949,01-12-2009 11:37,6,1.65,Female,16,17700,36,1.192054685,PayPal,2.747671888,9.9
489519,21491,01-12-2009 11:37,6,1.95,Female,21,17700,74,1.283611497,Cash,3.998331016,11.7
489519,21908,01-12-2009 11:37,6,2.1,Female,5,17700,19,0.89941671,PayPal,7.203499738,12.6
489519,21181,01-12-2009 11:37,6,2.1,Female,66,17700,76,1.291187863,Bank Transfer,4.852872824,12.6
489519,82483,01-12-2009 11:37,3,5.95,Male,55,17700,71,2.793350645,Credit Card,9.469948066,17.85
489519,79323S,01-12-2009 11:37,4,6.75,Female,79,17700,72,3.118283602,PayPal,14.52686559,27
489519,21371,01-12-2009 11:37,6,2.55,Female,28,17700,25,1.654963265,PayPal,5.370220407,15.3
489519,85152,01-12-2009 11:37,6,2.1,Female,19,17700,30,0.943730546,Credit Card,6.937616722,12.6
489519,21133,01-12-2009 11:37,12,1.69,Male,39,17700,40,1.098418817,Cash,7.098974195,20.28
489519,20984,01-12-2009 11:37,12,0.85,Male,26,17700,43,0.405683921,PayPal,5.331792947,10.2
489519,20982,01-12-2009 11:37,12,0.85,Female,81,17700,53,0.474645161,Credit Card,4.504258068,10.2
489519,84971L,01-12-2009 11:37,12,1.25,Male,38,17700,22,0.900731927,PayPal,4.191216872,15
489519,21912,01-12-2009 11:37,8,3.75,Male,84,17700,33,2.598607923,PayPal,9.21113662,30
489519,90168,01-12-2009 11:37,6,2.95,Female,18,17700,46,1.668770459,PayPal,7.687377248,17.7
489519,84884A,01-12-2009 11:37,5,3.95,Female,96,17700,72,1.714299559,Cash,11.1785022,19.75
489519,79323W,01-12-2009 11:37,4,6.75,Female,1,17700,41,4.581348924,Bank Transfer,8.674604305,27
489519,90013C,01-12-2009 11:37,4,3.75,Male,43,17700,69,2.915900889,Cash,3.336396443,15
489519,90023,01-12-2009 11:37,2,4.25,Male,6,17700,23,2.419104931,Credit Card,3.661790139,8.5
489519,90067A,01-12-2009 11:37,6,2.95,Female,4,17700,39,1.508184404,PayPal,8.650893574,17.7
489519,90067B,01-12-2009 11:37,6,2.95,Female,66,17700,40,2.223680612,Cash,4.357916327,17.7
489519,90145,01-12-2009 11:37,2,5.95,Male,35,17700,45,4.219160637,Credit Card,3.461678726,11.9
489519,90000A,01-12-2009 11:37,2,5.95,Male,31,17700,76,3.756447057,Bank Transfer,4.387105885,11.9
489519,90024B,01-12-2009 11:37,2,8.5,Female,10,17700,68,5.820247675,Cash,5.35950465,17
489519,90036D,01-12-2009 11:37,3,7.95,Male,73,17700,71,5.873943894,Credit Card,6.228168317,23.85
489519,90134,01-12-2009 11:37,6,2.95,Female,71,17700,30,1.854715881,Credit Card,6.571704715,17.7
489519,90131,01-12-2009 11:37,2,6.95,Female,85,17700,53,3.566218369,PayPal,6.767563262,13.9
489519,90199C,01-12-2009 11:37,2,6.35,Male,15,17700,69,3.55564182,Bank Transfer,5.58871636,12.7
489520,35751C,01-12-2009 11:41,12,0.75,Female,38,14911,50,0.495028838,PayPal,3.059653939,9
489520,72739B,01-12-2009 11:41,12,1.25,Female,55,14911,38,0.868580913,PayPal,4.577029043,15
489520,22114,01-12-2009 11:41,8,3.95,Male,3,14911,24,2.527813786,PayPal,11.37748971,31.6
489520,22212,01-12-2009 11:41,6,2.1,Female,30,14911,19,1.265553776,Credit Card,5.006677342,12.6
489520,21523,01-12-2009 11:41,2,6.75,Female,33,14911,58,4.253396017,Cash,4.993207965,13.5
489520,48187,01-12-2009 11:41,2,6.75,Female,50,14911,23,3.398450379,Credit Card,6.703099243,13.5
489520,48195,01-12-2009 11:41,2,6.75,Male,79,14911,36,4.704194904,Bank Transfer,4.091610191,13.5
489520,72741,01-12-2009 11:41,36,1.45,Male,30,14911,74,0.74416829,Bank Transfer,25.40994156,52.2
489520,85232D,01-12-2009 11:41,3,4.95,Female,82,14911,40,2.516872935,Credit Card,7.299381196,14.85
489520,20828,01-12-2009 11:41,6,2.55,Female,30,14911,62,1.453929093,Bank Transfer,6.576425439,15.3
489520,22080,01-12-2009 11:41,10,1.65,Female,42,14911,26,0.706327872,PayPal,9.436721282,16.5
489520,22082,01-12-2009 11:41,10,1.65,Male,24,14911,47,0.913929035,Credit Card,7.360709655,16.5
489520,21754,01-12-2009 11:41,6,5.95,Male,76,14911,37,3.009050233,Cash,17.6456986,35.7
489520,21784,01-12-2009 11:41,4,9.95,Male,94,14911,75,4.079664403,Credit Card,23.48134239,39.8
489520,21172,01-12-2009 11:41,12,1.45,Female,39,14911,64,0.927467687,Bank Transfer,6.270387755,17.4
489520,21181,01-12-2009 11:41,6,2.1,Female,68,14911,36,1.142587526,Bank Transfer,5.744474841,12.6
489520,82600,01-12-2009 11:41,12,2.1,Female,100,14911,73,1.171945602,Credit Card,11.13665278,25.2
489520,22282,01-12-2009 11:41,4,12.75,Male,3,14911,72,5.107263374,Bank Transfer,30.5709465,51
489520,21842,01-12-2009 11:41,54,2.55,Female,18,14911,75,1.570291084,Credit Card,52.90428147,137.7
489520,22089,01-12-2009 11:41,6,2.95,Female,62,14911,60,1.519651897,PayPal,8.582088617,17.7
489520,21430,01-12-2009 11:41,4,3.75,Female,30,14911,35,2.187362334,Cash,6.250550665,15
489520,20734,01-12-2009 11:41,10,0.85,Male,49,14911,50,0.376484375,Credit Card,4.735156246,8.5
489520,21133,01-12-2009 11:41,12,1.69,Female,54,14911,33,0.896868433,PayPal,9.5175788,20.28
489520,35071,01-12-2009 11:41,12,0.85,Male,70,14911,62,0.479971221,PayPal,4.440345353,10.2
489520,22083,01-12-2009 11:41,6,2.95,Male,25,14911,20,2.165585204,Credit Card,4.706488777,17.7
489520,22086,01-12-2009 11:41,6,2.95,Male,59,14911,35,1.221548702,Credit Card,10.37070779,17.7
489520,22121,01-12-2009 11:41,3,5.95,Female,96,14911,76,4.011780138,Credit Card,5.814659587,17.85
489520,21485,01-12-2009 11:41,3,4.95,Male,55,14911,39,2.916597487,PayPal,6.100207538,14.85
489520,84836,01-12-2009 11:41,12,1.25,Male,8,14911,62,0.56343287,PayPal,8.238805557,15
489520,22122,01-12-2009 11:41,12,2.95,Female,98,14911,33,1.73530307,Credit Card,14.57636316,35.4
489521,21646,01-12-2009 11:44,-50,0,,72,,,0,PayPal,0,0
489522,21916,01-12-2009 11:45,3,0.42,Male,63,15998,76,0.288729297,Cash,0.393812109,1.26
489522,72760B,01-12-2009 11:45,1,9.95,Female,18,15998,76,4.629417332,Credit Card,5.320582668,9.95
489522,37492A,01-12-2009 11:45,1,4.65,Female,61,15998,32,3.185500664,Credit Card,1.464499336,4.65
489522,21479,01-12-2009 11:45,2,3.75,Male,36,15998,22,2.735564289,Cash,2.028871423,7.5
489522,10133,01-12-2009 11:45,6,0.85,Female,9,15998,63,0.515518926,Bank Transfer,2.006886445,5.1
489522,22113,01-12-2009 11:45,4,3.45,Female,47,15998,52,2.142372026,PayPal,5.230511897,13.8
489522,20782,01-12-2009 11:45,1,5.49,Female,81,15998,72,3.040078942,Bank Transfer,2.449921058,5.49
489522,22190,01-12-2009 11:45,1,2.1,Male,83,15998,37,1.263517533,Bank Transfer,0.836482467,2.1
489522,22111,01-12-2009 11:45,2,4.95,Male,78,15998,67,3.537754887,Credit Card,2.824490227,9.9
489522,84029G,01-12-2009 11:45,1,3.75,Female,19,15998,59,2.093832175,Credit Card,1.656167825,3.75
489522,22114,01-12-2009 11:45,1,3.95,Male,50,15998,23,2.058603962,PayPal,1.891396038,3.95
489522,21489,01-12-2009 11:45,1,3.95,Female,49,15998,37,1.707398653,Bank Transfer,2.242601347,3.95
489522,20987,01-12-2009 11:45,6,1.95,Male,89,15998,19,1.25443139,Cash,4.173411661,11.7
489522,20989,01-12-2009 11:45,2,1.95,Female,97,15998,61,1.21626329,PayPal,1.46747342,3.9
489522,21868,01-12-2009 11:45,1,1.25,Female,10,15998,18,0.752705247,Cash,0.497294753,1.25
489522,21875,01-12-2009 11:45,1,1.25,Female,2,15998,55,0.947369657,Bank Transfer,0.302630343,1.25
489522,21869,01-12-2009 11:45,1,1.25,Male,57,15998,46,0.658216603,Cash,0.591783397,1.25
489522,21826,01-12-2009 11:45,3,1.25,Female,100,15998,74,0.627865398,PayPal,1.866403805,3.75
489522,21827,01-12-2009 11:45,3,1.25,Female,65,15998,41,0.957132986,Bank Transfer,0.878601041,3.75
489522,21828,01-12-2009 11:45,3,1.25,Male,23,15998,38,0.774373968,Cash,1.426878095,3.75
489522,16225,01-12-2009 11:45,4,1.25,Male,57,15998,60,0.645297249,Cash,2.418811004,5
489522,21829,01-12-2009 11:45,36,0.21,Female,59,15998,59,0.120880295,Bank Transfer,3.208309369,7.56
489522,21582,01-12-2009 11:45,2,1.65,Female,88,15998,32,1.138892528,Credit Card,1.022214944,3.3
489522,21584,01-12-2009 11:45,2,1.65,Female,59,15998,45,0.977429389,Credit Card,1.345141222,3.3
489522,21638,01-12-2009 11:45,6,2.1,Female,72,15998,49,1.591714053,Bank Transfer,3.04971568,12.6
489522,35400,01-12-2009 11:45,2,8.95,Male,20,15998,75,3.913958037,Credit Card,10.07208393,17.9
489522,22218,01-12-2009 11:45,1,4.25,Female,58,15998,43,1.801984936,Bank Transfer,2.448015064,4.25
489522,22222,01-12-2009 11:45,1,4.95,Male,70,15998,23,3.201460786,Credit Card,1.748539214,4.95
489522,22300,01-12-2009 11:45,3,2.55,Male,21,15998,33,1.331840886,Credit Card,3.654477341,7.65
489522,22301,01-12-2009 11:45,3,2.55,Female,82,15998,39,1.785299155,Credit Card,2.294102535,7.65
489522,22305,01-12-2009 11:45,3,2.55,Male,8,15998,63,1.159871658,Cash,4.170385025,7.65
489522,22304,01-12-2009 11:45,3,2.55,Female,18,15998,27,1.65224567,Credit Card,2.693262991,7.65
489522,22302,01-12-2009 11:45,3,2.55,Female,70,15998,79,1.546778553,Credit Card,3.00966434,7.65
489522,22303,01-12-2009 11:45,3,2.55,Male,8,15998,42,1.05328631,PayPal,4.490141071,7.65
489522,22127,01-12-2009 11:45,6,1.25,Female,92,15998,61,0.945731821,Credit Card,1.825609071,7.5
489522,22130,01-12-2009 11:45,24,0.85,Female,21,15998,51,0.63707529,Credit Card,5.110193033,20.4
489522,21143,01-12-2009 11:45,7,1.95,Male,92,15998,71,1.426788786,PayPal,3.6624785,13.65
489522,21639,01-12-2009 11:45,10,0.85,Female,85,15998,49,0.579724959,Credit Card,2.702750406,8.5
489522,22154,01-12-2009 11:45,6,0.42,Male,42,15998,61,0.334900809,Cash,0.510595145,2.52
489522,22155,01-12-2009 11:45,6,0.42,Male,68,15998,77,0.256352911,Bank Transfer,0.981882535,2.52
489522,22294,01-12-2009 11:45,6,1.25,Female,49,15998,32,0.615081646,Credit Card,3.809510122,7.5
489522,21133,01-12-2009 11:45,6,1.69,Male,52,15998,79,0.909010583,Cash,4.685936501,10.14
489522,21889,01-12-2009 11:45,2,1.25,Male,54,15998,59,0.528225444,PayPal,1.443549111,2.5
489522,85045,01-12-2009 11:45,2,4.95,Male,20,15998,53,3.761032023,PayPal,2.377935955,9.9
489522,85044,01-12-2009 11:45,2,4.95,Male,69,15998,62,3.39766317,Credit Card,3.10467366,9.9
489522,21888,01-12-2009 11:45,3,3.75,Male,2,15998,57,1.705547755,Cash,6.133356736,11.25
489522,21587,01-12-2009 11:45,6,2.55,Female,47,15998,49,1.355939429,Bank Transfer,7.164363423,15.3
489522,21588,01-12-2009 11:45,2,2.55,Female,88,15998,55,1.311602179,Credit Card,2.476795642,5.1
489522,21586,01-12-2009 11:45,4,2.55,Female,45,15998,22,1.408624797,PayPal,4.565500811,10.2
489522,21818,01-12-2009 11:45,6,0.85,Female,48,15998,49,0.46127591,Credit Card,2.33234454,5.1
489522,21819,01-12-2009 11:45,6,0.85,Male,42,15998,20,0.463799691,Bank Transfer,2.317201852,5.1
489522,21817,01-12-2009 11:45,6,0.85,Male,41,15998,45,0.451335326,Bank Transfer,2.391988046,5.1
489522,48111,01-12-2009 11:45,1,6.75,Male,34,15998,38,3.241530364,PayPal,3.508469636,6.75
489522,20685,01-12-2009 11:45,1,6.75,Female,6,15998,18,4.795034923,PayPal,1.954965077,6.75
489522,48194,01-12-2009 11:45,1,6.75,Male,74,15998,57,4.518655998,Cash,2.231344002,6.75
489522,21495,01-12-2009 11:45,25,0.42,Male,91,15998,55,0.334899433,Bank Transfer,2.127514182,10.5
489522,47505,01-12-2009 11:45,2,4.95,Male,27,15998,33,3.235882084,Cash,3.428235832,9.9
489522,10135,01-12-2009 11:45,6,1.25,Female,14,15998,54,0.618256789,Cash,3.790459268,7.5
489522,22125,01-12-2009 11:45,4,5.95,Male,30,15998,79,2.606096268,Cash,13.37561493,23.8
489522,37492C,01-12-2009 11:45,1,4.65,Male,9,15998,73,2.152998707,Cash,2.497001293,4.65
489522,20677,01-12-2009 11:45,1,1.25,Female,32,15998,67,0.980571498,PayPal,0.269428502,1.25
489522,20676,01-12-2009 11:45,1,1.25,Female,43,15998,28,0.748317376,Bank Transfer,0.501682624,1.25
489522,20675,01-12-2009 11:45,1,1.25,Male,50,15998,43,0.634278168,Cash,0.615721832,1.25
489522,21086,01-12-2009 11:45,8,0.65,Female,10,15998,44,0.410433841,Credit Card,1.91652927,5.2
489522,21948,01-12-2009 11:45,6,1.25,Male,69,15998,33,0.723609166,Cash,3.158345005,7.5
489522,21833,01-12-2009 11:45,12,1.69,Male,83,15998,27,1.004535418,Bank Transfer,8.225574987,20.28
489522,21832,01-12-2009 11:45,5,1.65,Male,32,15998,77,0.731673825,Cash,4.591630874,8.25
489522,22315,01-12-2009 11:45,1,1.25,Male,82,15998,25,0.99945991,Cash,0.25054009,1.25
489522,21870,01-12-2009 11:45,1,1.25,Female,43,15998,29,0.515733036,Bank Transfer,0.734266964,1.25
489522,82600,01-12-2009 11:45,1,2.1,Male,22,15998,52,0.843038128,Bank Transfer,1.256961872,2.1
489522,21181,01-12-2009 11:45,2,2.1,Female,65,15998,70,1.256629268,Credit Card,1.686741464,4.2
489522,22115,01-12-2009 11:45,1,2.95,Female,93,15998,38,1.787866363,Cash,1.162133637,2.95
489522,21166,01-12-2009 11:45,2,1.95,Male,32,15998,56,1.534783586,Cash,0.830432827,3.9
489522,21175,01-12-2009 11:45,2,2.1,Female,69,15998,30,0.948904457,Credit Card,2.302191087,4.2
489522,21174,01-12-2009 11:45,1,1.95,Female,92,15998,43,1.508073826,Cash,0.441926174,1.95
489522,21908,01-12-2009 11:45,3,2.1,Male,79,15998,51,0.871590443,Cash,3.68522867,6.3
489522,82582,01-12-2009 11:45,1,2.1,Female,31,15998,49,1.365293032,Bank Transfer,0.734706968,2.1
489522,85152,01-12-2009 11:45,2,2.1,Female,26,15998,29,1.083813841,Cash,2.032372318,4.2
489522,85150,01-12-2009 11:45,1,2.55,Male,17,15998,73,1.28814612,PayPal,1.26185388,2.55
489522,22197,01-12-2009 11:45,10,0.85,Male,76,15998,74,0.368981456,PayPal,4.810185435,8.5
489522,21094,01-12-2009 11:45,4,0.85,Male,12,15998,34,0.599299591,PayPal,1.002801638,3.4
489522,72724,01-12-2009 11:45,7,1.25,Female,55,15998,50,0.773904584,Cash,3.332667914,8.75
489522,22103,01-12-2009 11:45,6,1.65,Male,99,15998,47,1.054520902,PayPal,3.572874589,9.9
489522,37424,01-12-2009 11:45,6,0.85,Male,62,15998,47,0.546897651,Cash,1.818614093,5.1
489522,21136,01-12-2009 11:45,8,1.69,Female,11,15998,54,1.04172335,PayPal,5.186213203,13.52
489522,21755,01-12-2009 11:45,1,5.95,Female,70,15998,35,3.963695998,Cash,1.986304002,5.95
489522,84879,01-12-2009 11:45,8,1.69,Female,49,15998,58,1.040848095,PayPal,5.193215244,13.52
489522,84997B,01-12-2009 11:45,1,3.75,Male,98,15998,61,2.317746071,Bank Transfer,1.432253929,3.75
489522,84997D,01-12-2009 11:45,1,3.75,Female,99,15998,19,2.761619684,Cash,0.988380316,3.75
489522,84997C,01-12-2009 11:45,1,3.75,Male,68,15998,69,2.993874534,Bank Transfer,0.756125466,3.75
489522,21238,01-12-2009 11:45,4,0.85,Male,79,15998,32,0.647658956,Credit Card,0.809364175,3.4
489522,21240,01-12-2009 11:45,4,0.85,Female,53,15998,58,0.658393898,Bank Transfer,0.766424408,3.4
489522,21239,01-12-2009 11:45,4,0.85,Male,48,15998,19,0.63702439,Cash,0.85190244,3.4
489522,84007,01-12-2009 11:45,4,2.55,Male,10,15998,24,1.73321803,Bank Transfer,3.267127881,10.2
489522,84012,01-12-2009 11:45,4,2.55,Male,33,15998,69,1.396243375,Bank Transfer,4.615026499,10.2
489522,22077,01-12-2009 11:45,1,1.65,Male,20,15998,71,1.223734584,PayPal,0.426265416,1.65
489522,85049A,01-12-2009 11:45,2,1.25,Female,38,15998,49,0.954944158,Cash,0.590111683,2.5
489522,85049E,01-12-2009 11:45,2,1.25,Female,62,15998,75,0.860923828,Cash,0.778152345,2.5
489522,22075,01-12-2009 11:45,2,1.65,Male,100,15998,48,1.063652059,Credit Card,1.172695882,3.3
489522,22076,01-12-2009 11:45,1,1.65,Male,75,15998,41,1.063147227,Cash,0.586852773,1.65
489522,79323W,01-12-2009 11:45,1,6.75,Male,67,15998,18,4.548801095,PayPal,2.201198905,6.75
489522,79323LP,01-12-2009 11:45,1,6.75,Female,86,15998,63,2.715166091,PayPal,4.034833909,6.75
489522,79342B,01-12-2009 11:45,1,6.75,Female,33,15998,39,4.121331517,Cash,2.628668483,6.75
489522,79341,01-12-2009 11:45,6,6.75,Male,81,15998,64,3.16120341,Bank Transfer,21.53277954,40.5
489523,84879,01-12-2009 11:46,800,1.45,Male,34,12931,76,0.88326738,Cash,453.3860957,1160
C489524,21258,01-12-2009 11:48,-1,12.75,Female,26,15614,53,8.587224873,Bank Transfer,-4.162775127,-12.75
489525,85226C,01-12-2009 11:49,1,0.55,,79,,,0.284535576,PayPal,0.265464424,0.55
489525,85227,01-12-2009 11:49,1,0.85,,16,,,0.365180569,Cash,0.484819431,0.85
489526,85049E,01-12-2009 11:50,12,1.25,Male,51,12533,60,0.717679723,Credit Card,6.38784333,15
489526,21976,01-12-2009 11:50,24,0.55,Female,41,12533,68,0.226823722,PayPal,7.756230661,13.2
489526,21498,01-12-2009 11:50,25,0.42,Female,33,12533,53,0.196329198,Credit Card,5.591770053,10.5
489526,22077,01-12-2009 11:50,12,1.65,Female,59,12533,38,1.122564267,Bank Transfer,6.329228798,19.8
489526,84946,01-12-2009 11:50,12,1.25,Female,46,12533,60,0.538199968,Cash,8.54160039,15
489526,84948,01-12-2009 11:50,24,1.65,Female,86,12533,46,1.309926933,Credit Card,8.161753603,39.6
489526,21537,01-12-2009 11:50,4,4.25,Male,42,12533,24,1.967294484,Cash,9.130822065,17
489526,21733,01-12-2009 11:50,6,2.95,Male,15,12533,41,1.527762403,Cash,8.533425583,17.7
489526,85123A,01-12-2009 11:50,6,2.95,Female,55,12533,23,2.2459193,Bank Transfer,4.224484203,17.7
489526,20718,01-12-2009 11:50,10,1.25,Female,93,12533,68,0.804461538,Credit Card,4.455384619,12.5
C489527,21041,01-12-2009 11:50,-3,2.95,Female,57,16128,46,1.89858393,Bank Transfer,-3.154248209,-8.85
C489527,21173,01-12-2009 11:50,-12,1.65,Male,78,16128,28,1.144891938,Credit Card,-6.061296743,-19.8
C489527,85124A,01-12-2009 11:50,-6,2.55,Female,28,16128,33,1.153427845,Bank Transfer,-8.379432928,-15.3
489526,21539,01-12-2009 11:50,3,4.95,Female,36,12533,37,2.4017768,PayPal,7.6446696,14.85
489526,16169F,01-12-2009 11:50,25,0.42,Female,38,12533,74,0.200091113,Bank Transfer,5.497722168,10.5
489526,84836,01-12-2009 11:50,24,1.25,Male,94,12533,75,0.805773923,Credit Card,10.66142584,30
489526,21527,01-12-2009 11:50,2,7.95,Male,36,12533,19,4.892660312,Credit Card,6.114679377,15.9
489526,21533,01-12-2009 11:50,6,4.95,Female,72,12533,47,1.999009237,Bank Transfer,17.70594458,29.7
489526,21531,01-12-2009 11:50,6,2.55,Male,61,12533,46,1.136364521,Cash,8.481812874,15.3
489526,22180,01-12-2009 11:50,3,9.95,Male,65,12533,50,6.689647867,PayPal,9.7810564,29.85
489526,22333,01-12-2009 11:50,8,1.65,Female,66,12533,56,0.945953834,Credit Card,5.632369325,13.2
489526,22319,01-12-2009 11:50,24,0.65,Female,68,12533,55,0.389288209,Cash,6.257082991,15.6
489526,85232B,01-12-2009 11:50,9,4.95,Female,55,12533,68,2.211986398,Bank Transfer,24.64212241,44.55
489526,20676,01-12-2009 11:50,8,1.25,Female,25,12533,36,0.761042422,PayPal,3.911660622,10
489526,20914,01-12-2009 11:50,12,2.95,Male,76,12533,78,1.611938113,Bank Transfer,16.05674264,35.4
489526,21217,01-12-2009 11:50,3,9.95,Female,8,12533,22,4.82309032,Cash,15.38072904,29.85
489526,21238,01-12-2009 11:50,16,0.85,Male,46,12533,27,0.382990983,Bank Transfer,7.472144276,13.6
489526,21242,01-12-2009 11:50,8,1.69,Male,74,12533,62,1.100224249,Bank Transfer,4.718206006,13.52
489526,22232,01-12-2009 11:50,8,1.65,Male,13,12533,61,1.214837524,Credit Card,3.481299807,13.2
489526,21535,01-12-2009 11:50,6,2.55,Male,60,12533,67,1.238054281,Credit Card,7.871674312,15.3
489526,21844,01-12-2009 11:50,6,2.95,Male,45,12533,57,1.993977785,Bank Transfer,5.736133289,17.7
489526,22073,01-12-2009 11:50,4,3.75,Female,69,12533,33,1.881856135,Credit Card,7.472575462,15
489526,22072,01-12-2009 11:50,4,3.75,Female,62,12533,39,2.886574379,PayPal,3.453702483,15
489526,22321,01-12-2009 11:50,24,0.85,Female,15,12533,65,0.360506121,Credit Card,11.7478531,20.4
489526,15056BL,01-12-2009 11:50,6,5.95,Male,64,12533,32,4.363972978,PayPal,9.516162131,35.7
489526,15056N,01-12-2009 11:50,6,5.95,Female,61,12533,23,4.297631481,Cash,9.914211114,35.7
489526,21731,01-12-2009 11:50,12,1.65,Female,68,12533,43,1.159530831,PayPal,5.885630027,19.8
489526,22254,01-12-2009 11:50,12,1.25,Female,88,12533,34,0.702252794,Bank Transfer,6.572966471,15
489526,22255,01-12-2009 11:50,12,0.85,Male,49,12533,42,0.415210142,Bank Transfer,5.217478298,10.2
489526,46000S,01-12-2009 11:50,2,1.45,Male,29,12533,77,0.899702768,PayPal,1.100594465,2.9
489526,20964,01-12-2009 11:50,3,2.55,Male,65,12533,78,1.578426835,PayPal,2.914719496,7.65
489526,21788,01-12-2009 11:50,24,0.85,Female,83,12533,74,0.53183997,Cash,7.635840723,20.4
489526,21789,01-12-2009 11:50,24,0.85,Male,12,12533,57,0.463643341,Credit Card,9.272559809,20.4
489526,20682,01-12-2009 11:50,6,3.25,Female,4,12533,47,1.574898538,PayPal,10.05060877,19.5
489526,85014C,01-12-2009 11:50,3,5.95,Female,60,12533,27,3.070496372,PayPal,8.638510884,17.85
489526,84832,01-12-2009 11:50,24,0.85,Female,31,12533,72,0.477510649,Bank Transfer,8.939744421,20.4
489526,POST,01-12-2009 11:50,6,18,Female,84,12533,22,8.307866921,PayPal,58.15279847,108
C489528,85048,01-12-2009 11:50,-1,7.95,Female,21,16714,18,4.176346943,Cash,-3.773653057,-7.95
489529,85063,01-12-2009 11:51,1,16.95,Male,14,17984,51,8.527581582,Cash,8.422418418,16.95
489529,48129,01-12-2009 11:51,1,6.75,Female,5,17984,42,2.919315364,PayPal,3.830684636,6.75
489529,21491,01-12-2009 11:51,1,1.95,Male,99,17984,42,1.511575684,PayPal,0.438424316,1.95
489529,22030,01-12-2009 11:51,1,0.42,Female,86,17984,29,0.201567692,Bank Transfer,0.218432308,0.42
489529,21081,01-12-2009 11:51,1,0.85,Female,58,17984,57,0.402631622,PayPal,0.447368378,0.85
489529,20773,01-12-2009 11:51,1,1.65,Male,14,17984,56,0.99805268,Credit Card,0.65194732,1.65
489529,20767,01-12-2009 11:51,1,2.55,Female,62,17984,52,1.60997626,Bank Transfer,0.94002374,2.55
489529,22028,01-12-2009 11:51,12,0.42,Female,74,17984,30,0.261664506,Cash,1.900025934,5.04
489529,20622,01-12-2009 11:51,1,2.1,Male,58,17984,33,1.383712282,Credit Card,0.716287718,2.1
489529,21122,01-12-2009 11:51,1,1.25,Male,56,17984,23,0.527489846,PayPal,0.722510154,1.25
489529,21124,01-12-2009 11:51,1,1.25,Male,5,17984,28,0.920751408,Bank Transfer,0.329248592,1.25
489529,20657,01-12-2009 11:51,1,1.25,Male,34,17984,58,0.580601468,PayPal,0.669398532,1.25
489529,16156N,01-12-2009 11:51,25,0.42,Female,10,17984,79,0.271249938,Credit Card,3.718751543,10.5
489529,20673,01-12-2009 11:51,4,1.25,Male,55,17984,47,0.531491673,Credit Card,2.874033307,5
489529,22300,01-12-2009 11:51,6,2.55,Male,73,17984,62,1.06441419,PayPal,8.913514861,15.3
489529,84520B,01-12-2009 11:51,1,0.85,Female,19,17984,26,0.630654266,PayPal,0.219345734,0.85
489529,22086,01-12-2009 11:51,1,2.95,Female,57,17984,25,2.035813546,PayPal,0.914186454,2.95
489529,20619,01-12-2009 11:51,1,2.1,Female,78,17984,64,1.107978765,Cash,0.992021235,2.1
489529,21864,01-12-2009 11:51,1,2.1,Female,64,17984,25,1.065645969,PayPal,1.034354031,2.1
489529,21866,01-12-2009 11:51,1,1.25,Female,4,17984,31,0.760889594,Credit Card,0.489110406,1.25
489529,20660,01-12-2009 11:51,1,1.25,Male,65,17984,74,0.933279798,Bank Transfer,0.316720202,1.25
489529,21489,01-12-2009 11:51,1,3.95,Male,37,17984,32,1.836412036,Cash,2.113587964,3.95
489529,16207A,01-12-2009 11:51,1,2.95,Female,19,17984,59,1.573618685,Credit Card,1.376381315,2.95
489529,20777,01-12-2009 11:51,1,1.65,Male,26,17984,36,1.262835295,Cash,0.387164705,1.65
489529,20774,01-12-2009 11:51,2,1.65,Male,49,17984,51,1.172191194,PayPal,0.955617612,3.3
489529,22029,01-12-2009 11:51,12,0.42,Male,32,17984,18,0.323291472,Credit Card,1.16050233,5.04
489529,22030,01-12-2009 11:51,12,0.42,Male,100,17984,67,0.170952951,Bank Transfer,2.988564583,5.04
489529,22024,01-12-2009 11:51,12,0.42,Male,49,17984,43,0.246458573,Cash,2.082497129,5.04
489529,22037,01-12-2009 11:51,12,0.42,Male,21,17984,39,0.335990944,Cash,1.00810867,5.04
489529,22036,01-12-2009 11:51,12,0.42,Male,5,17984,42,0.181180686,Cash,2.865831771,5.04
489529,22028,01-12-2009 11:51,12,0.42,Male,26,17984,73,0.308194802,PayPal,1.341662381,5.04
489529,22036,01-12-2009 11:51,12,0.42,Male,44,17984,22,0.325140904,Cash,1.138309152,5.04
489529,21833,01-12-2009 11:51,2,1.69,Female,19,17984,77,0.937141999,Bank Transfer,1.505716001,3.38
489529,21726,01-12-2009 11:51,3,0.85,Male,17,17984,60,0.591889711,Cash,0.774330866,2.55
489529,21544,01-12-2009 11:51,2,0.85,Male,82,17984,49,0.493415489,Bank Transfer,0.713169022,1.7
489529,21004,01-12-2009 11:51,1,4.25,Female,7,17984,25,2.296268497,Cash,1.953731503,4.25
489529,20984,01-12-2009 11:51,1,0.85,Female,38,17984,39,0.571489214,Bank Transfer,0.278510786,0.85
489529,20982,01-12-2009 11:51,2,0.85,Male,96,17984,63,0.388763391,PayPal,0.922473219,1.7
489529,84402D,01-12-2009 11:51,1,2.95,Female,94,17984,26,1.593099168,Credit Card,1.356900832,2.95
489529,84660B,01-12-2009 11:51,1,3.75,Female,96,17984,23,2.221861485,Credit Card,1.528138515,3.75
489529,21429,01-12-2009 11:51,4,1.65,Male,83,17984,20,1.048397324,PayPal,2.406410705,6.6
489529,72754B,01-12-2009 11:51,1,1.69,Male,1,17984,69,1.064075429,Credit Card,0.625924571,1.69
489529,48129,01-12-2009 11:51,1,6.75,Male,23,17984,73,3.364654497,Bank Transfer,3.385345503,6.75
489529,21500,01-12-2009 11:51,25,0.42,Male,74,17984,72,0.259168006,Cash,4.020799851,10.5
489529,21431,01-12-2009 11:51,4,1.65,Male,25,17984,40,0.8685956,PayPal,3.1256176,6.6
489529,21912,01-12-2009 11:51,2,3.75,Female,12,17984,51,2.125803236,Credit Card,3.248393527,7.5
489529,22086,01-12-2009 11:51,3,2.95,Female,57,17984,45,2.328748465,Bank Transfer,1.863754604,8.85
489529,20748,01-12-2009 11:51,1,12.75,Male,57,17984,71,7.338225576,Cash,5.411774424,12.75
489529,21490,01-12-2009 11:51,2,1.95,Male,9,17984,58,1.311956792,Credit Card,1.276086417,3.9
489529,72802B,01-12-2009 11:51,3,4.25,Male,27,17984,18,2.523231403,Credit Card,5.180305792,12.75
C489530,72803A,01-12-2009 11:56,-1,4.25,Male,33,14748,26,2.460217258,Cash,-1.789782742,-4.25
489531,79029,01-12-2009 11:57,1,1.95,Female,58,14871,61,1.184950903,Credit Card,0.765049097,1.95
489531,71477,01-12-2009 11:57,12,3.25,Female,8,14871,50,1.306361746,PayPal,23.32365905,39
489531,85042,01-12-2009 11:57,4,4.95,Female,97,14871,53,3.585706864,Bank Transfer,5.457172546,19.8
489531,85123A,01-12-2009 11:57,5,2.95,Male,74,14871,65,2.284891516,Credit Card,3.32554242,14.75
489531,21590,01-12-2009 11:57,4,1.25,Female,31,14871,31,0.567626111,Cash,2.729495557,5
489531,21591,01-12-2009 11:57,7,1.25,Female,91,14871,47,0.790090018,PayPal,3.219369877,8.75
489531,21582,01-12-2009 11:57,8,1.65,Male,23,14871,54,0.756981914,Cash,7.144144685,13.2
489531,21587,01-12-2009 11:57,6,2.55,Male,53,14871,68,2.027155143,Cash,3.137069141,15.3
489531,82486,01-12-2009 11:57,1,7.95,Female,20,14871,32,4.336395042,Cash,3.613604958,7.95
489531,82483,01-12-2009 11:57,1,5.95,Male,13,14871,66,2.43553571,Cash,3.51446429,5.95
489531,22112,01-12-2009 11:57,1,4.95,Male,66,14871,34,3.36843794,PayPal,1.58156206,4.95
489531,22111,01-12-2009 11:57,1,4.95,Female,30,14871,74,3.550317958,PayPal,1.399682042,4.95
489531,72801E,01-12-2009 11:57,2,1.25,Male,50,14871,44,0.90735644,PayPal,0.68528712,2.5
489531,21034,01-12-2009 11:57,1,0.95,Male,6,14871,38,0.448829997,Credit Card,0.501170003,0.95
489532,85049D,01-12-2009 11:58,12,1.25,Male,14,13394,61,0.612580078,Bank Transfer,7.649039058,15
489532,21985,01-12-2009 11:58,48,0.29,Female,82,13394,64,0.19121062,Credit Card,4.741890218,13.92
489532,21980,01-12-2009 11:58,48,0.29,Male,4,13394,38,0.191102719,Cash,4.747069467,13.92
489532,16235,01-12-2009 11:58,60,0.21,Female,25,13394,58,0.133811486,Credit Card,4.571310853,12.6
489532,22083,01-12-2009 11:58,6,2.95,Female,13,13394,63,2.304313409,Credit Card,3.874119545,17.7
489532,22086,01-12-2009 11:58,6,2.95,Female,27,13394,77,1.871432911,Credit Card,6.471402536,17.7
489532,22111,01-12-2009 11:58,3,4.95,Female,95,13394,37,2.300644556,Cash,7.948066333,14.85
489532,84347,01-12-2009 11:58,6,2.55,Male,4,13394,65,1.719908128,PayPal,4.980551232,15.3
489532,21485,01-12-2009 11:58,3,4.95,Male,63,13394,37,3.562003269,Cash,4.163990192,14.85
489532,21212,01-12-2009 11:58,24,0.55,Female,88,13394,44,0.324616508,Bank Transfer,5.409203805,13.2
489532,84990,01-12-2009 11:58,24,0.55,Male,14,13394,79,0.377668346,Cash,4.135959696,13.2
489532,85231E,01-12-2009 11:58,12,0.85,Male,24,13394,63,0.652633529,Credit Card,2.368397654,10.2
489532,85231B,01-12-2009 11:58,24,0.85,Female,79,13394,70,0.606065732,PayPal,5.85442242,20.4
489532,72008,01-12-2009 11:58,12,0.42,Male,77,13394,50,0.241239093,Cash,2.14513088,5.04
489532,22071,01-12-2009 11:58,6,3.75,Female,13,13394,26,1.567635078,Cash,13.09418953,22.5
489532,22070,01-12-2009 11:58,6,3.75,Male,65,13394,68,2.106402014,PayPal,9.861587913,22.5
489532,22077,01-12-2009 11:58,9,1.65,Male,38,13394,31,1.302128134,Cash,3.130846793,14.85
489532,20892,01-12-2009 11:58,2,12.75,Male,9,13394,50,8.142832926,Bank Transfer,9.214334148,25.5
489532,84270,01-12-2009 11:58,30,0.21,Male,48,13394,20,0.132038898,Bank Transfer,2.338833068,6.3
489532,85049C,01-12-2009 11:58,12,1.25,Female,10,13394,55,0.545408946,PayPal,8.455092651,15
489533,84352,01-12-2009 12:02,1,16.95,Female,3,16011,42,11.76579205,Bank Transfer,5.184207955,16.95
489533,79067,01-12-2009 12:02,1,3.75,Male,68,16011,71,2.249207384,PayPal,1.500792616,3.75
489533,22203,01-12-2009 12:02,1,3.75,Male,17,16011,38,2.689780719,Cash,1.060219281,3.75
489533,21353,01-12-2009 12:02,4,7.95,Male,23,16011,44,5.329239973,Credit Card,10.48304011,31.8
489533,84946,01-12-2009 12:02,6,1.25,Female,54,16011,47,0.512572025,PayPal,4.42456785,7.5
489533,22300,01-12-2009 12:02,6,2.55,Female,76,16011,41,1.510208592,Bank Transfer,6.238748448,15.3
489533,21535,01-12-2009 12:02,1,2.55,Female,37,16011,67,1.64823012,Cash,0.90176988,2.55
489533,21540,01-12-2009 12:02,2,4.25,Male,72,16011,64,3.304765907,Bank Transfer,1.890468186,8.5
489533,21538,01-12-2009 12:02,1,3.75,Male,98,16011,51,2.27611969,Cash,1.47388031,3.75
489533,22073,01-12-2009 12:02,1,3.75,Male,12,16011,71,2.285215488,Credit Card,1.464784512,3.75
489533,21534,01-12-2009 12:02,1,4.95,Female,86,16011,67,2.348708979,Bank Transfer,2.601291021,4.95
489533,22073,01-12-2009 12:02,1,3.75,Female,74,16011,73,2.297840252,Credit Card,1.452159748,3.75
489533,21533,01-12-2009 12:02,1,4.95,Female,36,16011,31,2.863340673,Credit Card,2.086659327,4.95
489533,84946,01-12-2009 12:02,6,1.25,Female,31,16011,67,0.608034515,Credit Card,3.851792908,7.5
489533,84836,01-12-2009 12:02,12,1.25,Male,12,16011,58,0.803271463,PayPal,5.360742449,15
489533,85053,01-12-2009 12:02,2,2.1,Male,49,16011,77,1.065790596,Bank Transfer,2.068418808,4.2
489533,21756,01-12-2009 12:02,1,5.95,Female,35,16011,35,3.866737196,Credit Card,2.083262804,5.95
489533,22118,01-12-2009 12:02,1,4.95,Female,56,16011,18,3.537320369,PayPal,1.412679631,4.95
489533,21754,01-12-2009 12:02,2,5.95,Male,85,16011,42,2.964762911,Bank Transfer,5.970474179,11.9
489533,84970S,01-12-2009 12:02,12,0.85,Female,44,16011,69,0.366460651,Cash,5.802472183,10.2
489533,22118,01-12-2009 12:02,2,4.95,Male,29,16011,38,2.320975728,Credit Card,5.258048545,9.9
489533,21755,01-12-2009 12:02,2,5.95,Male,56,16011,41,2.867457438,Bank Transfer,6.165085124,11.9
C489534,35832,01-12-2009 12:09,-1,5.95,Male,7,12615,77,3.463660156,Cash,-2.486339844,-5.95
C489535,D,01-12-2009 12:11,-1,9,Female,55,15299,41,4.483153708,Credit Card,-4.516846292,-9
C489535,D,01-12-2009 12:11,-1,19,Female,39,15299,44,12.07293019,Credit Card,-6.927069805,-19
489536,21375,01-12-2009 12:13,2,5.45,Male,59,16393,54,4.292801741,Credit Card,2.314396518,10.9
489536,22109,01-12-2009 12:13,1,3.75,Female,80,16393,78,2.542790861,PayPal,1.207209139,3.75
489536,21864,01-12-2009 12:13,1,2.1,Female,2,16393,37,1.098044624,PayPal,1.001955376,2.1
489536,48129,01-12-2009 12:13,1,6.75,Female,23,16393,21,3.342476537,Cash,3.407523463,6.75
489536,22186,01-12-2009 12:13,1,2.95,Female,72,16393,41,1.29197083,Bank Transfer,1.65802917,2.95
489536,47504K,01-12-2009 12:13,2,1.95,Female,60,16393,53,1.032249776,PayPal,1.835500449,3.9
489536,47504F,01-12-2009 12:13,2,1.65,Female,79,16393,77,1.15871382,Credit Card,0.98257236,3.3
489536,21809,01-12-2009 12:13,1,1.25,Male,75,16393,55,0.958116253,Cash,0.291883747,1.25
489536,21809,01-12-2009 12:13,1,1.25,Female,65,16393,72,0.688619625,Cash,0.561380375,1.25
489536,22075,01-12-2009 12:13,1,1.65,Male,51,16393,59,0.914462349,Bank Transfer,0.735537651,1.65
489536,21186,01-12-2009 12:13,2,1.65,Female,69,16393,66,0.684142667,PayPal,1.931714665,3.3
489536,22086,01-12-2009 12:13,1,2.95,Male,67,16393,55,1.860943379,Bank Transfer,1.089056621,2.95
489536,21611,01-12-2009 12:13,2,2.95,Male,17,16393,60,1.967892186,Cash,1.964215628,5.9
489536,22113,01-12-2009 12:13,2,3.45,Male,33,16393,72,1.576552949,PayPal,3.746894103,6.9
489536,21480,01-12-2009 12:13,1,2.95,Female,57,16393,66,1.854067678,Bank Transfer,1.095932322,2.95
489536,22295,01-12-2009 12:13,2,1.65,Female,89,16393,62,0.912578726,PayPal,1.474842547,3.3
489536,85170A,01-12-2009 12:13,1,2.1,Male,28,16393,26,1.281618779,Credit Card,0.818381221,2.1
489536,85033S,01-12-2009 12:13,1,1.95,Female,3,16393,71,0.837035747,Cash,1.112964253,1.95
489536,35991,01-12-2009 12:13,1,1.69,Female,57,16393,44,1.323921651,Cash,0.366078349,1.69
489536,22185,01-12-2009 12:13,2,1.65,Female,21,16393,50,1.005228851,Credit Card,1.289542299,3.3
489536,21786,01-12-2009 12:13,1,0.42,Female,76,16393,46,0.311595023,Bank Transfer,0.108404977,0.42
489536,20752,01-12-2009 12:13,1,2.1,Male,91,16393,31,1.479047429,Bank Transfer,0.620952571,2.1
489536,20754,01-12-2009 12:13,1,2.1,Male,39,16393,20,1.27138011,Bank Transfer,0.82861989,2.1
489536,84388,01-12-2009 12:13,1,1.65,Female,86,16393,30,1.30237782,Credit Card,0.34762218,1.65
489536,21865,01-12-2009 12:13,1,2.1,Female,32,16393,41,0.96307968,Bank Transfer,1.13692032,2.1
489536,21832,01-12-2009 12:13,1,1.65,Male,65,16393,69,1.134055926,PayPal,0.515944074,1.65
489536,85071A,01-12-2009 12:13,1,2.95,Male,17,16393,54,1.535202383,Credit Card,1.414797617,2.95
489536,85071B,01-12-2009 12:13,1,2.95,Female,1,16393,53,1.91906259,PayPal,1.03093741,2.95
489536,21948,01-12-2009 12:13,1,1.25,Female,60,16393,68,0.791336945,Bank Transfer,0.458663055,1.25
489536,21791,01-12-2009 12:13,2,1.25,Female,33,16393,36,0.586936048,Bank Transfer,1.326127903,2.5
489536,21918,01-12-2009 12:13,2,0.42,Female,58,16393,31,0.331154183,Credit Card,0.177691635,0.84
489536,22086,01-12-2009 12:13,2,2.95,Male,30,16393,28,1.629648697,Bank Transfer,2.640702606,5.9
489536,21493,01-12-2009 12:13,2,0.85,Female,23,16393,23,0.603632492,Cash,0.492735016,1.7
489536,21491,01-12-2009 12:13,2,1.95,Female,46,16393,76,1.193664061,Cash,1.512671878,3.9
489536,51012C,01-12-2009 12:13,1,1.25,Male,56,16393,33,0.689464224,Cash,0.560535776,1.25
489536,21034,01-12-2009 12:13,1,0.95,Female,34,16393,42,0.463933595,Bank Transfer,0.486066405,0.95
489536,84671B,01-12-2009 12:13,1,2.55,Male,89,16393,36,1.558817858,Bank Transfer,0.991182142,2.55
489536,21747,01-12-2009 12:13,1,1.25,Male,3,16393,49,0.635563727,Bank Transfer,0.614436273,1.25
489536,22197,01-12-2009 12:13,1,0.85,Male,77,16393,44,0.449196683,Credit Card,0.400803317,0.85
489536,22107,01-12-2009 12:13,1,3.75,Female,77,16393,22,2.770827398,PayPal,0.979172602,3.75
489536,22330,01-12-2009 12:13,1,1.45,Male,51,16393,64,0.908783535,PayPal,0.541216465,1.45
489536,22139,01-12-2009 12:13,1,4.95,Male,31,16393,30,2.149797725,Credit Card,2.800202275,4.95
489536,84375,01-12-2009 12:13,1,1.95,Female,76,16393,45,1.108738258,Cash,0.841261742,1.95
489536,84952B,01-12-2009 12:13,2,3.75,Male,14,16393,53,2.702605615,Credit Card,2.09478877,7.5
489536,20961,01-12-2009 12:13,1,1.25,Female,18,16393,20,0.734747043,Bank Transfer,0.515252957,1.25
489536,20960,01-12-2009 12:13,1,1.25,Male,12,16393,30,0.623002383,Cash,0.626997617,1.25
489536,20966,01-12-2009 12:13,1,1.25,Male,98,16393,74,0.997027675,Bank Transfer,0.252972325,1.25
489536,17164D,01-12-2009 12:13,1,0.42,Male,24,16393,40,0.215344308,Bank Transfer,0.204655692,0.42
489536,21791,01-12-2009 12:13,6,1.25,Male,34,16393,69,0.937148665,Cash,1.877108007,7.5
489536,21890,01-12-2009 12:13,1,2.95,Male,4,16393,57,2.357478538,Credit Card,0.592521462,2.95
489536,22353,01-12-2009 12:13,1,2.55,Male,15,16393,25,1.990990258,Bank Transfer,0.559009742,2.55
489536,85170D,01-12-2009 12:13,1,2.1,Female,46,16393,24,1.192337553,Cash,0.907662447,2.1
489536,17091J,01-12-2009 12:13,1,1.25,Male,69,16393,44,0.903007803,PayPal,0.346992197,1.25
489536,79067,01-12-2009 12:13,1,3.75,Male,97,16393,57,2.664342685,Credit Card,1.085657315,3.75
489536,20975,01-12-2009 12:13,7,0.65,Female,52,16393,47,0.334403997,Bank Transfer,2.209172022,4.55
489536,20677,01-12-2009 12:13,1,1.25,Female,50,16393,77,0.832229647,Cash,0.417770353,1.25
489536,20675,01-12-2009 12:13,1,1.25,Male,14,16393,32,0.962298165,Cash,0.287701835,1.25
489536,20676,01-12-2009 12:13,2,1.25,Male,81,16393,40,0.874807429,Bank Transfer,0.750385142,2.5
489536,21440,01-12-2009 12:13,1,1.25,Female,50,16393,46,0.703738615,Bank Transfer,0.546261385,1.25
489536,22174,01-12-2009 12:13,2,1.65,Female,85,16393,40,0.80915575,Credit Card,1.681688501,3.3
489536,22142,01-12-2009 12:13,1,1.45,Male,21,16393,36,1.117111374,Credit Card,0.332888626,1.45
489536,22150,01-12-2009 12:13,2,1.95,Male,6,16393,44,1.178125251,Credit Card,1.543749499,3.9
489536,22142,01-12-2009 12:13,1,1.45,Male,18,16393,53,0.7243636,Bank Transfer,0.7256364,1.45
489536,22147,01-12-2009 12:13,2,1.45,Male,98,16393,36,0.845887463,Cash,1.208225075,2.9
489536,21356,01-12-2009 12:13,1,1.25,Female,56,16393,37,0.653726459,Cash,0.596273541,1.25
489536,21357,01-12-2009 12:13,1,1.25,Female,65,16393,37,0.862537212,Bank Transfer,0.387462788,1.25
489536,21166,01-12-2009 12:13,1,1.95,Male,1,16393,71,1.343271347,PayPal,0.606728653,1.95
489536,20728,01-12-2009 12:13,4,1.65,Female,66,16393,22,0.733599364,Bank Transfer,3.665602546,6.6
489536,21677,01-12-2009 12:13,6,0.85,Male,3,16393,79,0.433360866,PayPal,2.499834802,5.1
489536,21680,01-12-2009 12:13,6,0.85,Male,84,16393,28,0.465281648,Bank Transfer,2.308310112,5.1
489536,21730,01-12-2009 12:13,1,4.95,Male,42,16393,46,2.443204329,Credit Card,2.506795671,4.95
489536,17164D,01-12-2009 12:13,1,0.42,Female,63,16393,55,0.186282621,Cash,0.233717379,0.42
489536,22353,01-12-2009 12:13,1,2.55,Female,36,16393,64,1.511865317,Bank Transfer,1.038134683,2.55
489536,21791,01-12-2009 12:13,2,1.25,Female,97,16393,59,0.654824243,PayPal,1.190351514,2.5
489536,21788,01-12-2009 12:13,1,0.85,Male,6,16393,78,0.482876815,Bank Transfer,0.367123185,0.85
489536,21789,01-12-2009 12:13,1,0.85,Female,33,16393,63,0.589548715,Bank Transfer,0.260451285,0.85
489536,20660,01-12-2009 12:13,1,1.25,Male,63,16393,59,0.95394756,Cash,0.29605244,1.25
489536,70007,01-12-2009 12:13,1,1.65,Male,38,16393,19,0.801776822,Bank Transfer,0.848223178,1.65
489536,70006,01-12-2009 12:13,1,1.65,Male,4,16393,26,1.056829713,Credit Card,0.593170287,1.65
489536,21650,01-12-2009 12:13,1,0.65,Female,64,16393,72,0.453541444,Cash,0.196458556,0.65
489536,22142,01-12-2009 12:13,1,1.45,Female,93,16393,44,0.722187309,Cash,0.727812691,1.45
489536,22147,01-12-2009 12:13,1,1.45,Female,82,16393,63,0.980276846,Credit Card,0.469723154,1.45
489536,21892,01-12-2009 12:13,1,1.25,Female,85,16393,67,0.612737958,Bank Transfer,0.637262042,1.25
489536,21650,01-12-2009 12:13,1,0.65,Female,33,16393,42,0.470028489,Bank Transfer,0.179971511,0.65
489536,85227,01-12-2009 12:13,1,0.85,Female,43,16393,35,0.624826011,Cash,0.225173989,0.85
489536,85227,01-12-2009 12:13,3,0.85,Male,95,16393,28,0.523380647,Credit Card,0.97985806,2.55
489536,20655,01-12-2009 12:13,1,1.25,Female,12,16393,77,0.869705127,PayPal,0.380294873,1.25
489536,21791,01-12-2009 12:13,1,1.25,Female,80,16393,26,0.630629761,PayPal,0.619370239,1.25
489536,21990,01-12-2009 12:13,1,2.95,Male,51,16393,39,1.322227967,Credit Card,1.627772033,2.95
489536,21231,01-12-2009 12:13,1,1.25,Male,71,16393,62,0.744107915,Credit Card,0.505892085,1.25
489536,22064,01-12-2009 12:13,4,1.65,Male,73,16393,31,0.925115702,Credit Card,2.89953719,6.6
489536,21934,01-12-2009 12:13,1,1.65,Female,91,16393,25,1.189968659,Bank Transfer,0.460031341,1.65
489536,21578,01-12-2009 12:13,1,2.25,Female,84,16393,27,1.112661276,Credit Card,1.137338724,2.25
489536,21579,01-12-2009 12:13,1,2.25,Female,81,16393,34,1.552453616,Credit Card,0.697546384,2.25
489536,21577,01-12-2009 12:13,2,2.25,Male,36,16393,19,1.195126795,Credit Card,2.10974641,4.5
489536,21931,01-12-2009 12:13,5,1.95,Female,46,16393,70,1.416246868,PayPal,2.668765662,9.75
489536,85099B,01-12-2009 12:13,5,1.95,Female,90,16393,42,1.040881181,Bank Transfer,4.545594094,9.75
489536,20713,01-12-2009 12:13,1,1.95,Female,65,16393,32,0.959060275,Credit Card,0.990939725,1.95
489536,20712,01-12-2009 12:13,1,1.95,Female,35,16393,41,1.048667872,Bank Transfer,0.901332128,1.95
489536,16047,01-12-2009 12:13,1,0.85,Female,38,16393,73,0.519561418,Bank Transfer,0.330438582,0.85
489536,21561,01-12-2009 12:13,1,2.55,Male,14,16393,62,1.883924532,Credit Card,0.666075468,2.55
489536,20814,01-12-2009 12:13,1,1.25,Male,44,16393,29,0.862535223,Bank Transfer,0.387464777,1.25
489536,21122,01-12-2009 12:13,1,1.25,Female,92,16393,66,0.548256815,Cash,0.701743185,1.25
489536,21231,01-12-2009 12:13,1,1.25,Female,4,16393,45,0.623284268,Credit Card,0.626715732,1.25
489536,21232,01-12-2009 12:13,3,1.25,Female,47,16393,59,0.845236089,PayPal,1.214291733,3.75
489536,84946,01-12-2009 12:13,6,1.25,Male,47,16393,49,0.889434092,Cash,2.163395447,7.5
489536,22068,01-12-2009 12:13,4,1.65,Male,23,16393,58,1.149540549,Credit Card,2.001837803,6.6
489536,21377,01-12-2009 12:13,1,1.65,Female,25,16393,77,1.115879936,Cash,0.534120064,1.65
489536,21379,01-12-2009 12:13,1,1.25,Male,80,16393,73,0.986111156,PayPal,0.263888844,1.25
489536,20956,01-12-2009 12:13,1,1.25,Male,7,16393,21,0.712614822,Cash,0.537385178,1.25
489536,21018,01-12-2009 12:13,1,0.85,Female,87,16393,62,0.527043752,Credit Card,0.322956248,0.85
489536,35995,01-12-2009 12:13,1,2.1,Female,37,16393,68,0.981906024,Credit Card,1.118093976,2.1
489536,85033S,01-12-2009 12:13,1,1.95,Female,3,16393,68,1.501394904,Credit Card,0.448605096,1.95
489536,22185,01-12-2009 12:13,2,1.65,Male,83,16393,69,0.836901114,Cash,1.626197771,3.3
489536,21578,01-12-2009 12:13,2,2.25,Male,61,16393,52,1.010396631,Bank Transfer,2.479206738,4.5
489536,21579,01-12-2009 12:13,1,2.25,Female,36,16393,33,0.947588167,Bank Transfer,1.302411833,2.25
489536,22355,01-12-2009 12:13,9,0.85,Male,100,16393,46,0.677677284,PayPal,1.550904441,7.65
489536,21934,01-12-2009 12:13,2,1.65,Male,69,16393,54,1.074910737,Cash,1.150178525,3.3
489536,21579,01-12-2009 12:13,1,2.25,Male,49,16393,61,0.958351455,PayPal,1.291648545,2.25
489536,21034,01-12-2009 12:13,1,0.95,Female,74,16393,60,0.71740047,Cash,0.23259953,0.95
489536,22356,01-12-2009 12:13,3,0.85,Male,14,16393,72,0.668235642,Cash,0.545293073,2.55
489536,21581,01-12-2009 12:13,4,2.25,Male,49,16393,40,1.255202898,PayPal,3.979188408,9
489536,20956,01-12-2009 12:13,2,1.25,Female,56,16393,54,0.577715223,PayPal,1.344569555,2.5
489536,20727,01-12-2009 12:13,3,1.65,Male,54,16393,41,1.204397874,Cash,1.336806377,4.95
489536,21071,01-12-2009 12:13,1,1.25,Female,15,16393,67,0.506059683,PayPal,0.743940317,1.25
489536,21068,01-12-2009 12:13,1,1.25,Male,62,16393,29,0.859489183,Bank Transfer,0.390510817,1.25
489536,22107,01-12-2009 12:13,1,3.75,Female,60,16393,23,2.707396114,Credit Card,1.042603886,3.75
489536,22189,01-12-2009 12:13,1,3.95,Female,21,16393,61,3.11937315,Bank Transfer,0.83062685,3.95
489536,21786,01-12-2009 12:13,1,0.42,Female,75,16393,57,0.181661683,Cash,0.238338317,0.42
489536,48179,01-12-2009 12:13,1,6.75,Male,53,16393,18,2.700128297,Credit Card,4.049871703,6.75
489537,48129,01-12-2009 12:14,1,6.75,Female,42,14040,58,4.028742861,Cash,2.721257139,6.75
489537,21523,01-12-2009 12:14,1,6.75,Male,58,14040,61,4.514681764,Bank Transfer,2.235318236,6.75
489537,48188,01-12-2009 12:14,2,6.75,Female,65,14040,52,4.178397712,Cash,5.143204576,13.5
489537,48111,01-12-2009 12:14,2,6.75,Female,11,14040,75,3.8972719,Credit Card,5.7054562,13.5
489537,48194,01-12-2009 12:14,2,6.75,Male,26,14040,25,5.19313343,Cash,3.11373314,13.5
489537,20685,01-12-2009 12:14,2,6.75,Female,58,14040,67,3.532632314,Credit Card,6.434735373,13.5
489537,48195,01-12-2009 12:14,2,6.75,Female,32,14040,29,4.83564455,Cash,3.828710899,13.5
489537,48184,01-12-2009 12:14,2,6.75,Female,89,14040,33,4.102085084,Credit Card,5.295829832,13.5
489537,21733,01-12-2009 12:14,10,2.95,Male,62,14040,19,1.50928724,Bank Transfer,14.4071276,29.5
489537,21777,01-12-2009 12:14,4,7.95,Female,27,14040,30,3.744643474,Bank Transfer,16.8214261,31.8
489537,20969,01-12-2009 12:14,4,3.75,Male,65,14040,41,1.851244921,Cash,7.595020315,15
489537,20970,01-12-2009 12:14,4,3.75,Female,94,14040,20,2.857269882,Cash,3.570920472,15
489537,20968,01-12-2009 12:14,4,3.75,Female,81,14040,77,2.023849609,Cash,6.904601563,15
489537,20967,01-12-2009 12:14,2,3.75,Female,52,14040,21,2.821430218,PayPal,1.857139564,7.5
489537,21737,01-12-2009 12:14,1,19.95,Female,87,14040,56,8.086199923,Cash,11.86380008,19.95
489537,84899E,01-12-2009 12:14,2,1.25,Male,28,14040,71,0.601868784,Bank Transfer,1.296262432,2.5
489537,84899F,01-12-2009 12:14,3,1.25,Male,100,14040,36,0.726801877,Bank Transfer,1.569594369,3.75
489537,84898F,01-12-2009 12:14,5,2.1,Male,33,14040,71,1.590897499,Bank Transfer,2.545512504,10.5
489537,20971,01-12-2009 12:14,5,1.25,Male,87,14040,60,0.582050573,Credit Card,3.339747135,6.25
489537,20972,01-12-2009 12:14,5,1.25,Female,78,14040,79,0.531785142,Cash,3.591074289,6.25
489537,22207,01-12-2009 12:14,1,4.25,Female,41,14040,74,2.441551921,Bank Transfer,1.808448079,4.25
489537,21016,01-12-2009 12:14,1,0.85,Male,65,14040,38,0.594777226,Credit Card,0.255222774,0.85
489537,22115,01-12-2009 12:14,1,2.95,Male,16,14040,45,1.608362649,Credit Card,1.341637351,2.95
489537,22273,01-12-2009 12:14,2,2.95,Female,60,14040,51,1.905121075,PayPal,2.08975785,5.9
489537,20828,01-12-2009 12:14,6,2.55,Female,84,14040,56,2.019614259,Bank Transfer,3.182314446,15.3
489537,20829,01-12-2009 12:14,6,2.1,Male,19,14040,78,1.249076197,PayPal,5.105542819,12.6
489537,85231B,01-12-2009 12:14,5,0.85,Female,52,14040,31,0.38306031,PayPal,2.334698451,4.25
489537,85231G,01-12-2009 12:14,5,0.85,Female,4,14040,37,0.596468522,Cash,1.267657391,4.25
489537,21407,01-12-2009 12:14,1,4.25,Female,69,14040,26,2.828578314,Bank Transfer,1.421421686,4.25
489537,21410,01-12-2009 12:14,2,4.25,Female,58,14040,58,2.125304641,Bank Transfer,4.249390717,8.5
489537,72800F,01-12-2009 12:14,1,2.55,Male,82,14040,30,1.073325915,Cash,1.476674085,2.55
489537,21411,01-12-2009 12:14,4,4.25,Female,85,14040,37,2.882488548,Bank Transfer,5.470045808,17
489537,21993,01-12-2009 12:14,3,2.95,Male,22,14040,58,1.330705839,Bank Transfer,4.857882483,8.85
489537,84032B,01-12-2009 12:14,4,2.95,Male,54,14040,55,1.589802361,PayPal,5.440790556,11.8
489537,22125,01-12-2009 12:14,3,5.95,Male,95,14040,36,4.12308003,PayPal,5.48075991,17.85
489537,84032A,01-12-2009 12:14,4,2.95,Male,29,14040,78,1.280623867,Cash,6.677504532,11.8
489537,21482,01-12-2009 12:14,3,2.95,Male,99,14040,61,2.108981072,Credit Card,2.523056783,8.85
489537,21479,01-12-2009 12:14,2,3.75,Female,79,14040,26,2.108826847,Cash,3.282346305,7.5
489537,21480,01-12-2009 12:14,5,2.95,Female,20,14040,63,1.317119515,Cash,8.164402423,14.75
489537,21486,01-12-2009 12:14,2,3.75,Male,41,14040,72,2.563551786,PayPal,2.372896428,7.5
489537,21481,01-12-2009 12:14,3,2.95,Male,33,14040,59,2.219070186,Cash,2.192789441,8.85
489537,72008,01-12-2009 12:14,24,0.42,Female,70,14040,31,0.30138817,PayPal,2.846683916,10.08
489537,21231,01-12-2009 12:14,20,1.25,Male,71,14040,50,0.748589963,Credit Card,10.02820074,25
489537,21232,01-12-2009 12:14,20,1.25,Female,90,14040,75,0.966931493,Cash,5.661370141,25
489537,21813,01-12-2009 12:14,1,4.95,Male,9,14040,68,2.643394317,PayPal,2.306605683,4.95
489537,21812,01-12-2009 12:14,4,4.95,Female,11,14040,21,2.645408873,PayPal,9.218364509,19.8
489537,21489,01-12-2009 12:14,3,3.95,Male,65,14040,41,2.311095462,PayPal,4.916713614,11.85
489537,21488,01-12-2009 12:14,3,3.95,Male,19,14040,52,3.129359936,PayPal,2.461920193,11.85
489537,84029E,01-12-2009 12:14,1,3.75,Male,41,14040,56,1.740792327,Bank Transfer,2.009207673,3.75
489537,75013B,01-12-2009 12:14,3,1.65,Male,59,14040,49,1.014427153,Credit Card,1.906718541,4.95
489537,72800E,01-12-2009 12:14,4,2.55,Female,66,14040,73,1.112125309,Bank Transfer,5.751498766,10.2
489537,72800F,01-12-2009 12:14,3,2.55,Female,86,14040,33,1.459695943,Bank Transfer,3.270912172,7.65
489537,72801G,01-12-2009 12:14,3,1.25,Male,7,14040,67,0.677081381,PayPal,1.718755857,3.75
489537,72801F,01-12-2009 12:14,6,1.25,Male,91,14040,42,0.843305954,Bank Transfer,2.440164277,7.5
489537,72801E,01-12-2009 12:14,6,1.25,Male,70,14040,72,0.799244602,PayPal,2.70453239,7.5
489537,21790,01-12-2009 12:14,11,0.85,Male,100,14040,67,0.35939675,PayPal,5.39663575,9.35
489537,21791,01-12-2009 12:14,6,1.25,Female,20,14040,66,0.626453852,Credit Card,3.741276887,7.5
489537,21888,01-12-2009 12:14,3,3.75,Female,21,14040,21,1.597563256,Credit Card,6.457310232,11.25
489537,21351,01-12-2009 12:14,2,6.75,Female,77,14040,37,5.348339561,Credit Card,2.803320877,13.5
C489538,22183,01-12-2009 12:18,-4,6.75,Female,95,15796,75,2.946888396,Bank Transfer,-15.21244642,-27
C489538,POST,01-12-2009 12:18,-1,9.58,Male,99,15796,71,5.80894976,Cash,-3.77105024,-9.58
489540,21732,01-12-2009 12:18,24,3.39,Female,55,12913,65,2.480664418,PayPal,21.82405398,81.36
489540,21754,01-12-2009 12:18,24,5.45,Female,35,12913,75,2.687991274,PayPal,66.28820942,130.8
489540,22083,01-12-2009 12:18,58,2.55,Female,74,12913,23,1.472445624,PayPal,62.49815382,147.9
489540,22086,01-12-2009 12:18,58,2.55,Male,78,12913,38,1.482467749,PayPal,61.91687057,147.9
489540,84946,01-12-2009 12:18,24,1.25,Male,97,12913,20,0.787988352,Bank Transfer,11.08827956,30
C489541,21254,01-12-2009 12:18,-4,2.95,Female,89,15091,18,1.899246238,PayPal,-4.203015048,-11.8
489539,22086,01-12-2009 12:18,160,2.55,Female,92,15061,78,1.718024811,Bank Transfer,133.1160303,408
489539,22083,01-12-2009 12:18,160,2.55,Male,7,15061,65,1.7977743,PayPal,120.356112,408
489539,85041,01-12-2009 12:18,48,1.45,Male,38,15061,49,0.853195812,Cash,28.64660104,69.6
489539,85040B,01-12-2009 12:18,192,1.45,Female,65,15061,76,0.795494688,Credit Card,125.6650199,278.4
489539,84879,01-12-2009 12:18,96,1.69,Male,32,15061,25,1.331294963,Bank Transfer,34.43568358,162.24
489539,79323P,01-12-2009 12:18,24,5.45,Female,99,15061,37,2.334570481,Bank Transfer,74.77030846,130.8
489539,48184,01-12-2009 12:18,20,5.95,Male,17,15061,34,2.928276081,Bank Transfer,60.43447839,119
489539,37461,01-12-2009 12:18,96,0.85,Female,100,15061,32,0.492163736,PayPal,34.35228137,81.6
489539,22139,01-12-2009 12:18,72,4.25,Male,33,15061,41,2.043645554,PayPal,158.8575201,306
489539,21700,01-12-2009 12:18,144,0.85,Female,58,15061,71,0.401911717,Bank Transfer,64.52471275,122.4
489539,21673,01-12-2009 12:18,60,1.06,Male,92,15061,18,0.691280675,PayPal,22.1231595,63.6
489539,21671,01-12-2009 12:18,60,1.06,Male,52,15061,39,0.760686108,PayPal,17.95883354,63.6
489539,21669,01-12-2009 12:18,60,1.06,Male,58,15061,19,0.505876317,Credit Card,33.24742095,63.6
489539,21500,01-12-2009 12:18,100,0.34,Female,42,15061,26,0.170810492,Bank Transfer,16.91895078,34
489539,20692,01-12-2009 12:18,96,3.75,Female,52,15061,51,2.912745461,Cash,80.37643571,360
489539,20685,01-12-2009 12:18,30,5.95,Male,51,15061,57,3.985964258,PayPal,58.92107226,178.5
489539,16237,01-12-2009 12:18,180,0.21,Female,47,15061,49,0.103537702,Cash,19.16321371,37.8
489542,37410,01-12-2009 12:19,216,0.85,Male,76,15061,36,0.342146466,Bank Transfer,109.6963634,183.6
489542,22139,01-12-2009 12:19,48,4.25,Male,57,15061,59,2.067138953,Cash,104.7773302,204
C489543,35400,01-12-2009 12:19,-2,8.95,Male,39,14292,46,5.652815215,PayPal,-6.594369571,-17.9
489544,22086,01-12-2009 12:20,18,2.95,Female,75,14341,50,2.069479725,Cash,15.84936494,53.1
489544,84347,01-12-2009 12:20,18,2.55,Female,9,14341,25,1.386497405,Credit Card,20.94304671,45.9
489544,22065,01-12-2009 12:20,12,1.45,Female,79,14341,59,0.851586154,Credit Card,7.180966148,17.4
489544,21813,01-12-2009 12:20,6,4.95,Male,27,14341,39,2.959349984,PayPal,11.9439001,29.7
489544,84251F,01-12-2009 12:20,12,0.19,Male,12,14341,31,0.108209232,Cash,0.981489214,2.28
489544,20975,01-12-2009 12:20,24,0.65,Male,47,14341,41,0.434804053,Credit Card,5.164702731,15.6
489544,21080,01-12-2009 12:20,12,0.85,Male,88,14341,35,0.488526124,Credit Card,4.337686513,10.2
489544,21844,01-12-2009 12:20,6,2.95,Male,48,14341,24,2.062056082,Cash,5.327663507,17.7
489544,22070,01-12-2009 12:20,6,3.75,Female,93,14341,75,1.636476982,Bank Transfer,12.68113811,22.5
489544,21980,01-12-2009 12:20,48,0.29,Female,94,14341,26,0.134052193,Cash,7.48549473,13.92
489544,21967,01-12-2009 12:20,48,0.29,Male,70,14341,18,0.206038551,Bank Transfer,4.03014957,13.92
489544,22125,01-12-2009 12:20,3,5.95,Female,95,14341,19,3.854034796,Bank Transfer,6.287895612,17.85
489544,21364,01-12-2009 12:20,1,6.75,Male,79,14341,68,3.270782949,Cash,3.479217051,6.75
489544,21809,01-12-2009 12:20,12,1.25,Female,4,14341,46,0.867189379,Bank Transfer,4.593727454,15
489545,90062,01-12-2009 12:22,1,12.75,Male,97,17804,78,9.859550435,PayPal,2.890449565,12.75
489545,21480,01-12-2009 12:22,2,2.95,Female,60,17804,65,2.254960316,Bank Transfer,1.390079369,5.9
489545,22110,01-12-2009 12:22,1,3.45,Male,26,17804,24,1.519734608,Bank Transfer,1.930265392,3.45
489545,22113,01-12-2009 12:22,1,3.45,Male,13,17804,42,1.919565615,Bank Transfer,1.530434385,3.45
489545,21484,01-12-2009 12:22,2,3.45,Female,46,17804,18,2.046968197,PayPal,2.806063605,6.9
489545,20914,01-12-2009 12:22,1,2.95,Female,82,17804,77,1.621453543,Bank Transfer,1.328546457,2.95
489545,84977,01-12-2009 12:22,6,1.25,Male,71,17804,73,0.541724598,Bank Transfer,4.24965241,7.5
489545,21868,01-12-2009 12:22,1,1.25,Male,96,17804,46,0.902858025,Cash,0.347141975,1.25
489545,18010,01-12-2009 12:22,6,0.42,Male,14,17804,27,0.183173546,Cash,1.420958725,2.52
489545,21162,01-12-2009 12:22,1,1.45,Female,28,17804,28,0.914000968,Bank Transfer,0.535999032,1.45
489545,37370,01-12-2009 12:22,2,1.25,Female,73,17804,53,0.851256624,Cash,0.797486752,2.5
489545,22152,01-12-2009 12:22,15,0.42,Female,32,17804,65,0.276247198,PayPal,2.156292028,6.3
489545,72267,01-12-2009 12:22,3,2.1,Female,32,17804,66,0.846057736,Credit Card,3.761826791,6.3
489545,22139,01-12-2009 12:22,4,4.95,Male,65,17804,54,2.561778991,Bank Transfer,9.552884036,19.8
489545,22143,01-12-2009 12:22,1,2.1,Female,35,17804,50,1.561901059,Credit Card,0.538098941,2.1
489545,22197,01-12-2009 12:22,3,0.85,Male,40,17804,50,0.468134694,Cash,1.145595918,2.55
489545,22081,01-12-2009 12:22,1,1.65,Male,98,17804,21,1.056689124,PayPal,0.593310876,1.65
489545,22079,01-12-2009 12:22,1,1.65,Male,14,17804,61,1.116628868,Bank Transfer,0.533371132,1.65
489545,22273,01-12-2009 12:22,1,2.95,Male,81,17804,51,2.348532401,Cash,0.601467599,2.95
489545,22272,01-12-2009 12:22,1,2.95,Female,69,17804,40,2.160963788,Credit Card,0.789036212,2.95
489545,22274,01-12-2009 12:22,1,2.95,Female,58,17804,42,1.528061673,PayPal,1.421938327,2.95
489545,21124,01-12-2009 12:22,1,1.25,Male,81,17804,37,0.746521459,Bank Transfer,0.503478541,1.25
489545,21122,01-12-2009 12:22,1,1.25,Female,44,17804,76,0.606242724,Bank Transfer,0.643757276,1.25
489545,20758,01-12-2009 12:22,3,0.85,Male,24,17804,20,0.436794403,Bank Transfer,1.23961679,2.55
489545,20756,01-12-2009 12:22,3,0.85,Female,34,17804,53,0.543066655,Credit Card,0.920800036,2.55
489545,21126,01-12-2009 12:22,1,1.25,Male,3,17804,67,0.5564986,Bank Transfer,0.6935014,1.25
489545,21125,01-12-2009 12:22,1,1.25,Male,43,17804,43,0.622208777,Credit Card,0.627791223,1.25
489545,22154,01-12-2009 12:22,8,0.42,Female,39,17804,40,0.179964493,Bank Transfer,1.920284057,3.36
489545,22102,01-12-2009 12:22,3,1.65,Female,2,17804,50,1.113133823,Bank Transfer,1.610598532,4.95
489545,35955,01-12-2009 12:22,4,0.42,Female,69,17804,53,0.291111241,Cash,0.515555036,1.68
489545,35954,01-12-2009 12:22,6,0.42,Male,66,17804,22,0.185285932,Cash,1.408284407,2.52
489545,35957,01-12-2009 12:22,6,0.42,Female,33,17804,63,0.335000702,Credit Card,0.509995786,2.52
,,,,,,,,,,,,
,,,,,,,,,,,,
,,,,,,,,,,,,
,,,,,,,,,,,,
,,,,,,,,,,,,
,,,,,,,,,,,,
,,,,,,,,,,,,
,,,,,,,,,,,,
,,,,,,,,,,,,
,,,,,,,,,,,,
,,,,,,,,,,,,
,,,,,,,,,,,,
,,,,,,,,,,,,
,,,,,,,,,,,,
,,,,,,,,,,,,
,,,,,,,,,,,,
,,,,,,,,,,,,
,,,,,,,,,,,,
,,,,,,,,,,,,
,,,,,,,,,,,,
,,,,,,,,,,,,
,,,,,,,,,,,,
,,,,,,,,,,,,
,,,,,,,,,,,,
,,,,,,,,,,,,
,,,,,,,,,,,,
,,,,,,,,,,,,
,,,,,,,,,,,,
,,,,,,,,,,,,
,,,,,,,,,,,,
,,,,,,,,,,,,
,,,,,,,,,,,,
,,,,,,,,,,,,
,,,,,,,,,,,,
,,,,,,,,,,,,
,,,,,,,,,,,,
,,,,,,,,,,,,
,,,,,,,,,,,,
,,,,,,,,,,,,
,,,,,,,,,,,,
,,,,,,,,,,,,
,,,,,,,,,,,,
,,,,,,,,,,,,
,,,,,,,,,,,,
,,,,,,,,,,,,
,,,,,,,,,,,,
,,,,,,,,,,,,
,,,,,,,,,,,,
,,,,,,,,,,,,
,,,,,,,,,,,,
,,,,,,,,,,,,
,,,,,,,,,,,,
,,,,,,,,,,,,
,,,,,,,,,,,,
,,,,,,,,,,,,
,,,,,,,,,,,,
,,,,,,,,,,,,
,,,,,,,,,,,,
,,,,,,,,,,,,
,,,,,,,,,,,,
,,,,,,,,,,,,
,,,,,,,,,,,,
,,,,,,,,,,,,
,,,,,,,,,,,,
,,,,,,,,,,,,
,,,,,,,,,,,,
,,,,,,,,,,,,
,,,,,,,,,,,,
,,,,,,,,,,,,
,,,,,,,,,,,,
,,,,,,,,,,,,
,,,,,,,,,,,,
,,,,,,,,,,,,
,,,,,,,,,,,,
,,,,,,,,,,,,
,,,,,,,,,,,,
,,,,,,,,,,,,
,,,,,,,,,,,,
,,,,,,,,,,,,
,,,,,,,,,,,,
,,,,,,,,,,,,
,,,,,,,,,,,,
,,,,,,,,,,,,
,,,,,,,,,,,,
,,,,,,,,,,,,
,,,,,,,,,,,,
,,,,,,,,,,,,
,,,,,,,,,,,,
,,,,,,,,,,,,
,,,,,,,,,,,,
,,,,,,,,,,,,
,,,,,,,,,,,,
,,,,,,,,,,,,
,,,,,,,,,,,,
,,,,,,,,,,,,
,,,,,,,,,,,,
,,,,,,,,,,,,
,,,,,,,,,,,,
,,,,,,,,,,,,
,,,,,,,,,,,,
,,,,,,,,,,,,
,,,,,,,,,,,,
,,,,,,,,,,,,
,,,,,,,,,,,,
,,,,,,,,,,,,
,,,,,,,,,,,,
,,,,,,,,,,,,
,,,,,,,,,,,,
,,,,,,,,,,,,
,,,,,,,,,,,,
,,,,,,,,,,,,
,,,,,,,,,,,,
,,,,,,,,,,,,
,,,,,,,,,,,,
,,,,,,,,,,,,
,,,,,,,,,,,,
,,,,,,,,,,,,
,,,,,,,,,,,,
,,,,,,,,,,,,
,,,,,,,,,,,,
,,,,,,,,,,,,
,,,,,,,,,,,,
,,,,,,,,,,,,
,,,,,,,,,,,,
,,,,,,,,,,,,
,,,,,,,,,,,,
,,,,,,,,,,,,
,,,,,,,,,,,,
,,,,,,,,,,,,
,,,,,,,,,,,,
,,,,,,,,,,,,
,,,,,,,,,,,,
,,,,,,,,,,,,
,,,,,,,,,,,,
,,,,,,,,,,,,
,,,,,,,,,,,,
,,,,,,,,,,,,
,,,,,,,,,,,,
,,,,,,,,,,,,
,,,,,,,,,,,,
,,,,,,,,,,,,
,,,,,,,,,,,,
,,,,,,,,,,,,
,,,,,,,,,,,,
,,,,,,,,,,,,
,,,,,,,,,,,,
,,,,,,,,,,,,
,,,,,,,,,,,,
,,,,,,,,,,,,
,,,,,,,,,,,,
,,,,,,,,,,,,
,,,,,,,,,,,,
,,,,,,,,,,,,
,,,,,,,,,,,,
,,,,,,,,,,,,
,,,,,,,,,,,,
,,,,,,,,,,,,
,,,,,,,,,,,,
,,,,,,,,,,,,
,,,,,,,,,,,,
,,,,,,,,,,,,
,,,,,,,,,,,,
,,,,,,,,,,,,
,,,,,,,,,,,,
,,,,,,,,,,,,
,,,,,,,,,,,,
,,,,,,,,,,,,
,,,,,,,,,,,,
,,,,,,,,,,,,
,,,,,,,,,,,,
,,,,,,,,,,,,
,,,,,,,,,,,,
,,,,,,,,,,,,
,,,,,,,,,,,,
,,,,,,,,,,,,
,,,,,,,,,,,,
,,,,,,,,,,,,
,,,,,,,,,,,,
,,,,,,,,,,,,
,,,,,,,,,,,,
,,,,,,,,,,,,
,,,,,,,,,,,,
,,,,,,,,,,,,
,,,,,,,,,,,,
,,,,,,,,,,,,
,,,,,,,,,,,,
,,,,,,,,,,,,
,,,,,,,,,,,,
,,,,,,,,,,,,
,,,,,,,,,,,,
,,,,,,,,,,,,
,,,,,,,,,,,,
,,,,,,,,,,,,
,,,,,,,,,,,,
,,,,,,,,,,,,
,,,,,,,,,,,,
,,,,,,,,,,,,
,,,,,,,,,,,,
,,,,,,,,,,,,
,,,,,,,,,,,,
,,,,,,,,,,,,
,,,,,,,,,,,,
,,,,,,,,,,,,
,,,,,,,,,,,,
,,,,,,,,,,,,
,,,,,,,,,,,,
,,,,,,,,,,,,
,,,,,,,,,,,,
,,,,,,,,,,,,
,,,,,,,,,,,,
,,,,,,,,,,,,
,,,,,,,,,,,,
,,,,,,,,,,,,
,,,,,,,,,,,,
,,,,,,,,,,,,
,,,,,,,,,,,,
,,,,,,,,,,,,
,,,,,,,,,,,,
,,,,,,,,,,,,
,,,,,,,,,,,,
,,,,,,,,,,,,
,,,,,,,,,,,,
,,,,,,,,,,,,
,,,,,,,,,,,,
,,,,,,,,,,,,
,,,,,,,,,,,,
,,,,,,,,,,,,
,,,,,,,,,,,,
,,,,,,,,,,,,
,,,,,,,,,,,,
,,,,,,,,,,,,
,,,,,,,,,,,,
,,,,,,,,,,,,
,,,,,,,,,,,,
,,,,,,,,,,,,
,,,,,,,,,,,,
,,,,,,,,,,,,
,,,,,,,,,,,,
,,,,,,,,,,,,
,,,,,,,,,,,,
,,,,,,,,,,,,
,,,,,,,,,,,,
,,,,,,,,,,,,
,,,,,,,,,,,,
,,,,,,,,,,,,
,,,,,,,,,,,,
,,,,,,,,,,,,
,,,,,,,,,,,,
,,,,,,,,,,,,
,,,,,,,,,,,,
,,,,,,,,,,,,
,,,,,,,,,,,,
,,,,,,,,,,,,
,,,,,,,,,,,,
,,,,,,,,,,,,
,,,,,,,,,,,,
,,,,,,,,,,,,
,,,,,,,,,,,,
,,,,,,,,,,,,
,,,,,,,,,,,,
,,,,,,,,,,,,
,,,,,,,,,,,,
,,,,,,,,,,,,
,,,,,,,,,,,,
,,,,,,,,,,,,
,,,,,,,,,,,,
,,,,,,,,,,,,
,,,,,,,,,,,,
,,,,,,,,,,,,
,,,,,,,,,,,,
,,,,,,,,,,,,
,,,,,,,,,,,,
,,,,,,,,,,,,
,,,,,,,,,,,,
,,,,,,,,,,,,
,,,,,,,,,,,,
,,,,,,,,,,,,
,,,,,,,,,,,,
,,,,,,,,,,,,
,,,,,,,,,,,,
,,,,,,,,,,,,
,,,,,,,,,,,,
,,,,,,,,,,,,
,,,,,,,,,,,,
,,,,,,,,,,,,
,,,,,,,,,,,,
,,,,,,,,,,,,
,,,,,,,,,,,,
,,,,,,,,,,,,
,,,,,,,,,,,,
,,,,,,,,,,,,
,,,,,,,,,,,,
,,,,,,,,,,,,
,,,,,,,,,,,,
,,,,,,,,,,,,
,,,,,,,,,,,,
,,,,,,,,,,,,
,,,,,,,,,,,,
,,,,,,,,,,,,
,,,,,,,,,,,,
,,,,,,,,,,,,
,,,,,,,,,,,,
,,,,,,,,,,,,
,,,,,,,,,,,,
,,,,,,,,,,,,
,,,,,,,,,,,,
,,,,,,,,,,,,
,,,,,,,,,,,,
,,,,,,,,,,,,
,,,,,,,,,,,,
,,,,,,,,,,,,
,,,,,,,,,,,,
,,,,,,,,,,,,
,,,,,,,,,,,,
,,,,,,,,,,,,
,,,,,,,,,,,,
,,,,,,,,,,,,
,,,,,,,,,,,,
,,,,,,,,,,,,
,,,,,,,,,,,,
,,,,,,,,,,,,
,,,,,,,,,,,,
,,,,,,,,,,,,
,,,,,,,,,,,,
,,,,,,,,,,,,
,,,,,,,,,,,,
,,,,,,,,,,,,
,,,,,,,,,,,,
,,,,,,,,,,,,
,,,,,,,,,,,,
,,,,,,,,,,,,
,,,,,,,,,,,,
,,,,,,,,,,,,
,,,,,,,,,,,,
,,,,,,,,,,,,
,,,,,,,,,,,,
,,,,,,,,,,,,
,,,,,,,,,,,,
,,,,,,,,,,,,
,,,,,,,,,,,,
,,,,,,,,,,,,
,,,,,,,,,,,,
,,,,,,,,,,,,
,,,,,,,,,,,,
,,,,,,,,,,,,
,,,,,,,,,,,,
,,,,,,,,,,,,
,,,,,,,,,,,,
,,,,,,,,,,,,
,,,,,,,,,,,,
,,,,,,,,,,,,
,,,,,,,,,,,,
,,,,,,,,,,,,
,,,,,,,,,,,,
,,,,,,,,,,,,
,,,,,,,,,,,,
,,,,,,,,,,,,
,,,,,,,,,,,,
,,,,,,,,,,,,
,,,,,,,,,,,,
,,,,,,,,,,,,
,,,,,,,,,,,,
,,,,,,,,,,,,
,,,,,,,,,,,,
,,,,,,,,,,,,
,,,,,,,,,,,,
,,,,,,,,,,,,
,,,,,,,,,,,,
,,,,,,,,,,,,
,,,,,,,,,,,,
,,,,,,,,,,,,
,,,,,,,,,,,,
,,,,,,,,,,,,
,,,,,,,,,,,,
,,,,,,,,,,,,
,,,,,,,,,,,,
,,,,,,,,,,,,
,,,,,,,,,,,,
,,,,,,,,,,,,
,,,,,,,,,,,,
,,,,,,,,,,,,
,,,,,,,,,,,,
,,,,,,,,,,,,
,,,,,,,,,,,,
,,,,,,,,,,,,
,,,,,,,,,,,,
,,,,,,,,,,,,
,,,,,,,,,,,,
,,,,,,,,,,,,
,,,,,,,,,,,,
,,,,,,,,,,,,
,,,,,,,,,,,,
,,,,,,,,,,,,
,,,,,,,,,,,,
,,,,,,,,,,,,
,,,,,,,,,,,,
,,,,,,,,,,,,
,,,,,,,,,,,,
,,,,,,,,,,,,
,,,,,,,,,,,,
,,,,,,,,,,,,
,,,,,,,,,,,,
,,,,,,,,,,,,
,,,,,,,,,,,,
,,,,,,,,,,,,
,,,,,,,,,,,,
,,,,,,,,,,,,
,,,,,,,,,,,,
,,,,,,,,,,,,
,,,,,,,,,,,,
,,,,,,,,,,,,
,,,,,,,,,,,,
,,,,,,,,,,,,
,,,,,,,,,,,,
,,,,,,,,,,,,
,,,,,,,,,,,,
,,,,,,,,,,,,
,,,,,,,,,,,,
,,,,,,,,,,,,
,,,,,,,,,,,,
,,,,,,,,,,,,
,,,,,,,,,,,,
,,,,,,,,,,,,
,,,,,,,,,,,,
,,,,,,,,,,,,
,,,,,,,,,,,,
,,,,,,,,,,,,
,,,,,,,,,,,,
,,,,,,,,,,,,
,,,,,,,,,,,,
,,,,,,,,,,,,
,,,,,,,,,,,,
,,,,,,,,,,,,
,,,,,,,,,,,,
,,,,,,,,,,,,
,,,,,,,,,,,,
,,,,,,,,,,,,
,,,,,,,,,,,,
,,,,,,,,,,,,
,,,,,,,,,,,,
,,,,,,,,,,,,
,,,,,,,,,,,,
,,,,,,,,,,,,
,,,,,,,,,,,,
,,,,,,,,,,,,
,,,,,,,,,,,,
,,,,,,,,,,,,
,,,,,,,,,,,,
,,,,,,,,,,,,
,,,,,,,,,,,,
,,,,,,,,,,,,
,,,,,,,,,,,,
,,,,,,,,,,,,
,,,,,,,,,,,,
,,,,,,,,,,,,
,,,,,,,,,,,,
,,,,,,,,,,,,
,,,,,,,,,,,,
,,,,,,,,,,,,
,,,,,,,,,,,,
,,,,,,,,,,,,
,,,,,,,,,,,,
,,,,,,,,,,,,
,,,,,,,,,,,,
,,,,,,,,,,,,
,,,,,,,,,,,,
,,,,,,,,,,,,
,,,,,,,,,,,,
,,,,,,,,,,,,
,,,,,,,,,,,,
,,,,,,,,,,,,
,,,,,,,,,,,,
,,,,,,,,,,,,
,,,,,,,,,,,,
,,,,,,,,,,,,
,,,,,,,,,,,,
,,,,,,,,,,,,
,,,,,,,,,,,,
,,,,,,,,,,,,
,,,,,,,,,,,,
,,,,,,,,,,,,
,,,,,,,,,,,,
,,,,,,,,,,,,
,,,,,,,,,,,,
,,,,,,,,,,,,
,,,,,,,,,,,,
,,,,,,,,,,,,
,,,,,,,,,,,,
,,,,,,,,,,,,
,,,,,,,,,,,,
,,,,,,,,,,,,
,,,,,,,,,,,,
,,,,,,,,,,,,
,,,,,,,,,,,,
,,,,,,,,,,,,
,,,,,,,,,,,,
,,,,,,,,,,,,
,,,,,,,,,,,,
,,,,,,,,,,,,
,,,,,,,,,,,,
,,,,,,,,,,,,
,,,,,,,,,,,,
,,,,,,,,,,,,
,,,,,,,,,,,,
,,,,,,,,,,,,
,,,,,,,,,,,,
,,,,,,,,,,,,
,,,,,,,,,,,,
,,,,,,,,,,,,
,,,,,,,,,,,,
,,,,,,,,,,,,
,,,,,,,,,,,,
,,,,,,,,,,,,
,,,,,,,,,,,,
,,,,,,,,,,,,
,,,,,,,,,,,,
,,,,,,,,,,,,
,,,,,,,,,,,,
,,,,,,,,,,,,
,,,,,,,,,,,,
,,,,,,,,,,,,
,,,,,,,,,,,,
,,,,,,,,,,,,
,,,,,,,,,,,,
,,,,,,,,,,,,
,,,,,,,,,,,,
,,,,,,,,,,,,
,,,,,,,,,,,,
,,,,,,,,,,,,
,,,,,,,,,,,,
,,,,,,,,,,,,
,,,,,,,,,,,,
,,,,,,,,,,,,
,,,,,,,,,,,,
,,,,,,,,,,,,
,,,,,,,,,,,,
,,,,,,,,,,,,
,,,,,,,,,,,,
,,,,,,,,,,,,
,,,,,,,,,,,,
,,,,,,,,,,,,
,,,,,,,,,,,,
,,,,,,,,,,,,
,,,,,,,,,,,,
,,,,,,,,,,,,
,,,,,,,,,,,,
,,,,,,,,,,,,
,,,,,,,,,,,,
,,,,,,,,,,,,
,,,,,,,,,,,,
,,,,,,,,,,,,
,,,,,,,,,,,,
,,,,,,,,,,,,
,,,,,,,,,,,,
,,,,,,,,,,,,
,,,,,,,,,,,,
,,,,,,,,,,,,
,,,,,,,,,,,,
,,,,,,,,,,,,
,,,,,,,,,,,,
,,,,,,,,,,,,
,,,,,,,,,,,,
,,,,,,,,,,,,
,,,,,,,,,,,,
,,,,,,,,,,,,
,,,,,,,,,,,,
,,,,,,,,,,,,
,,,,,,,,,,,,
,,,,,,,,,,,,
,,,,,,,,,,,,
,,,,,,,,,,,,
,,,,,,,,,,,,
,,,,,,,,,,,,
,,,,,,,,,,,,
,,,,,,,,,,,,
,,,,,,,,,,,,
,,,,,,,,,,,,
,,,,,,,,,,,,
,,,,,,,,,,,,
,,,,,,,,,,,,
,,,,,,,,,,,,
,,,,,,,,,,,,
,,,,,,,,,,,,
,,,,,,,,,,,,
,,,,,,,,,,,,
,,,,,,,,,,,,
,,,,,,,,,,,,
,,,,,,,,,,,,
,,,,,,,,,,,,
,,,,,,,,,,,,
,,,,,,,,,,,,
,,,,,,,,,,,,
,,,,,,,,,,,,
,,,,,,,,,,,,
,,,,,,,,,,,,
,,,,,,,,,,,,
,,,,,,,,,,,,
,,,,,,,,,,,,
,,,,,,,,,,,,
,,,,,,,,,,,,
,,,,,,,,,,,,
,,,,,,,,,,,,
,,,,,,,,,,,,
,,,,,,,,,,,,
,,,,,,,,,,,,
,,,,,,,,,,,,
,,,,,,,,,,,,
,,,,,,,,,,,,
,,,,,,,,,,,,
,,,,,,,,,,,,
,,,,,,,,,,,,
,,,,,,,,,,,,
,,,,,,,,,,,,
,,,,,,,,,,,,
,,,,,,,,,,,,
,,,,,,,,,,,,
,,,,,,,,,,,,
,,,,,,,,,,,,
,,,,,,,,,,,,
,,,,,,,,,,,,
,,,,,,,,,,,,
,,,,,,,,,,,,
,,,,,,,,,,,,
,,,,,,,,,,,,
,,,,,,,,,,,,
,,,,,,,,,,,,
,,,,,,,,,,,,
,,,,,,,,,,,,
,,,,,,,,,,,,
,,,,,,,,,,,,
,,,,,,,,,,,,
,,,,,,,,,,,,
,,,,,,,,,,,,
,,,,,,,,,,,,
,,,,,,,,,,,,
,,,,,,,,,,,,
,,,,,,,,,,,,
,,,,,,,,,,,,
,,,,,,,,,,,,
,,,,,,,,,,,,
,,,,,,,,,,,,
,,,,,,,,,,,,
,,,,,,,,,,,,
,,,,,,,,,,,,
,,,,,,,,,,,,
,,,,,,,,,,,,
,,,,,,,,,,,,
,,,,,,,,,,,,
,,,,,,,,,,,,
,,,,,,,,,,,,
,,,,,,,,,,,,
,,,,,,,,,,,,
,,,,,,,,,,,,
,,,,,,,,,,,,
,,,,,,,,,,,,
,,,,,,,,,,,,
,,,,,,,,,,,,
,,,,,,,,,,,,
,,,,,,,,,,,,
,,,,,,,,,,,,
,,,,,,,,,,,,
,,,,,,,,,,,,
,,,,,,,,,,,,
,,,,,,,,,,,,
,,,,,,,,,,,,
,,,,,,,,,,,,
,,,,,,,,,,,,
,,,,,,,,,,,,
,,,,,,,,,,,,
,,,,,,,,,,,,
,,,,,,,,,,,,
,,,,,,,,,,,,
,,,,,,,,,,,,
,,,,,,,,,,,,
,,,,,,,,,,,,
,,,,,,,,,,,,
,,,,,,,,,,,,
,,,,,,,,,,,,
,,,,,,,,,,,,
,,,,,,,,,,,,
,,,,,,,,,,,,
,,,,,,,,,,,,
,,,,,,,,,,,,
,,,,,,,,,,,,
,,,,,,,,,,,,
,,,,,,,,,,,,
,,,,,,,,,,,,
,,,,,,,,,,,,
,,,,,,,,,,,,
,,,,,,,,,,,,
,,,,,,,,,,,,
,,,,,,,,,,,,
,,,,,,,,,,,,
,,,,,,,,,,,,
,,,,,,,,,,,,
,,,,,,,,,,,,
,,,,,,,,,,,,
,,,,,,,,,,,,
,,,,,,,,,,,,
,,,,,,,,,,,,
,,,,,,,,,,,,
,,,,,,,,,,,,
,,,,,,,,,,,,
,,,,,,,,,,,,
,,,,,,,,,,,,
,,,,,,,,,,,,
,,,,,,,,,,,,
,,,,,,,,,,,,
,,,,,,,,,,,,
,,,,,,,,,,,,
,,,,,,,,,,,,
,,,,,,,,,,,,
,,,,,,,,,,,,
,,,,,,,,,,,,
,,,,,,,,,,,,
,,,,,,,,,,,,
,,,,,,,,,,,,
,,,,,,,,,,,,
,,,,,,,,,,,,
,,,,,,,,,,,,
,,,,,,,,,,,,
,,,,,,,,,,,,
,,,,,,,,,,,,
,,,,,,,,,,,,
,,,,,,,,,,,,
,,,,,,,,,,,,
,,,,,,,,,,,,
,,,,,,,,,,,,
,,,,,,,,,,,,
,,,,,,,,,,,,
,,,,,,,,,,,,
,,,,,,,,,,,,
,,,,,,,,,,,,
,,,,,,,,,,,,
,,,,,,,,,,,,
,,,,,,,,,,,,
,,,,,,,,,,,,
,,,,,,,,,,,,
,,,,,,,,,,,,
,,,,,,,,,,,,
,,,,,,,,,,,,
,,,,,,,,,,,,
,,,,,,,,,,,,
,,,,,,,,,,,,
,,,,,,,,,,,,
,,,,,,,,,,,,
,,,,,,,,,,,,
,,,,,,,,,,,,
,,,,,,,,,,,,
,,,,,,,,,,,,
,,,,,,,,,,,,
,,,,,,,,,,,,
,,,,,,,,,,,,
,,,,,,,,,,,,
,,,,,,,,,,,,
,,,,,,,,,,,,
,,,,,,,,,,,,
,,,,,,,,,,,,
,,,,,,,,,,,,
,,,,,,,,,,,,
,,,,,,,,,,,,
,,,,,,,,,,,,
,,,,,,,,,,,,
,,,,,,,,,,,,
,,,,,,,,,,,,
,,,,,,,,,,,,
,,,,,,,,,,,,
,,,,,,,,,,,,
,,,,,,,,,,,,
,,,,,,,,,,,,
,,,,,,,,,,,,
,,,,,,,,,,,,
,,,,,,,,,,,,
,,,,,,,,,,,,
,,,,,,,,,,,,
,,,,,,,,,,,,
,,,,,,,,,,,,
,,,,,,,,,,,,
,,,,,,,,,,,,
,,,,,,,,,,,,
,,,,,,,,,,,,
,,,,,,,,,,,,
,,,,,,,,,,,,
,,,,,,,,,,,,
,,,,,,,,,,,,
,,,,,,,,,,,,
,,,,,,,,,,,,
,,,,,,,,,,,,
,,,,,,,,,,,,
,,,,,,,,,,,,
,,,,,,,,,,,,
,,,,,,,,,,,,
,,,,,,,,,,,,
,,,,,,,,,,,,
,,,,,,,,,,,,
,,,,,,,,,,,,
,,,,,,,,,,,,
,,,,,,,,,,,,
,,,,,,,,,,,,
,,,,,,,,,,,,
,,,,,,,,,,,,
,,,,,,,,,,,,
,,,,,,,,,,,,
,,,,,,,,,,,,
,,,,,,,,,,,,
,,,,,,,,,,,,
,,,,,,,,,,,,
,,,,,,,,,,,,
,,,,,,,,,,,,
,,,,,,,,,,,,
,,,,,,,,,,,,
,,,,,,,,,,,,
,,,,,,,,,,,,
,,,,,,,,,,,,
,,,,,,,,,,,,
,,,,,,,,,,,,
,,,,,,,,,,,,
,,,,,,,,,,,,
,,,,,,,,,,,,
,,,,,,,,,,,,
,,,,,,,,,,,,
,,,,,,,,,,,,
,,,,,,,,,,,,
,,,,,,,,,,,,
,,,,,,,,,,,,
,,,,,,,,,,,,
,,,,,,,,,,,,
,,,,,,,,,,,,
,,,,,,,,,,,,
,,,,,,,,,,,,
,,,,,,,,,,,,
,,,,,,,,,,,,
,,,,,,,,,,,,
,,,,,,,,,,,,
,,,,,,,,,,,,
,,,,,,,,,,,,
,,,,,,,,,,,,
,,,,,,,,,,,,
,,,,,,,,,,,,
,,,,,,,,,,,,
,,,,,,,,,,,,
,,,,,,,,,,,,
,,,,,,,,,,,,
,,,,,,,,,,,,
,,,,,,,,,,,,
,,,,,,,,,,,,
,,,,,,,,,,,,
,,,,,,,,,,,,
,,,,,,,,,,,,
,,,,,,,,,,,,
,,,,,,,,,,,,
,,,,,,,,,,,,
,,,,,,,,,,,,
,,,,,,,,,,,,
,,,,,,,,,,,,
,,,,,,,,,,,,
,,,,,,,,,,,,
,,,,,,,,,,,,
,,,,,,,,,,,,
,,,,,,,,,,,,
,,,,,,,,,,,,
,,,,,,,,,,,,
,,,,,,,,,,,,
,,,,,,,,,,,,
,,,,,,,,,,,,
,,,,,,,,,,,,
,,,,,,,,,,,,
,,,,,,,,,,,,
,,,,,,,,,,,,
,,,,,,,,,,,,
,,,,,,,,,,,,
,,,,,,,,,,,,
,,,,,,,,,,,,
,,,,,,,,,,,,
,,,,,,,,,,,,
,,,,,,,,,,,,
,,,,,,,,,,,,
,,,,,,,,,,,,
,,,,,,,,,,,,
,,,,,,,,,,,,
,,,,,,,,,,,,
,,,,,,,,,,,,
,,,,,,,,,,,,
,,,,,,,,,,,,
,,,,,,,,,,,,
,,,,,,,,,,,,
,,,,,,,,,,,,
,,,,,,,,,,,,
,,,,,,,,,,,,
,,,,,,,,,,,,
,,,,,,,,,,,,
,,,,,,,,,,,,
,,,,,,,,,,,,
,,,,,,,,,,,,
,,,,,,,,,,,,
,,,,,,,,,,,,
,,,,,,,,,,,,
,,,,,,,,,,,,
,,,,,,,,,,,,
,,,,,,,,,,,,
,,,,,,,,,,,,
,,,,,,,,,,,,
,,,,,,,,,,,,
,,,,,,,,,,,,
,,,,,,,,,,,,
,,,,,,,,,,,,
,,,,,,,,,,,,
,,,,,,,,,,,,
,,,,,,,,,,,,
,,,,,,,,,,,,
,,,,,,,,,,,,
,,,,,,,,,,,,
,,,,,,,,,,,,
,,,,,,,,,,,,
,,,,,,,,,,,,
,,,,,,,,,,,,
,,,,,,,,,,,,
,,,,,,,,,,,,
,,,,,,,,,,,,
,,,,,,,,,,,,
,,,,,,,,,,,,
,,,,,,,,,,,,
,,,,,,,,,,,,
,,,,,,,,,,,,
,,,,,,,,,,,,
,,,,,,,,,,,,
,,,,,,,,,,,,
,,,,,,,,,,,,
,,,,,,,,,,,,
,,,,,,,,,,,,
,,,,,,,,,,,,
,,,,,,,,,,,,
,,,,,,,,,,,,
,,,,,,,,,,,,
,,,,,,,,,,,,
,,,,,,,,,,,,
,,,,,,,,,,,,
,,,,,,,,,,,,
,,,,,,,,,,,,
,,,,,,,,,,,,
,,,,,,,,,,,,
,,,,,,,,,,,,
,,,,,,,,,,,,
,,,,,,,,,,,,
,,,,,,,,,,,,
,,,,,,,,,,,,
,,,,,,,,,,,,
,,,,,,,,,,,,
,,,,,,,,,,,,
,,,,,,,,,,,,
,,,,,,,,,,,,
,,,,,,,,,,,,
,,,,,,,,,,,,
,,,,,,,,,,,,
,,,,,,,,,,,,
,,,,,,,,,,,,
,,,,,,,,,,,,
,,,,,,,,,,,,
,,,,,,,,,,,,
,,,,,,,,,,,,
,,,,,,,,,,,,
,,,,,,,,,,,,
,,,,,,,,,,,,
,,,,,,,,,,,,
,,,,,,,,,,,,
,,,,,,,,,,,,
,,,,,,,,,,,,
,,,,,,,,,,,,
,,,,,,,,,,,,
,,,,,,,,,,,,
,,,,,,,,,,,,
,,,,,,,,,,,,
,,,,,,,,,,,,
,,,,,,,,,,,,
,,,,,,,,,,,,
,,,,,,,,,,,,
,,,,,,,,,,,,
,,,,,,,,,,,,
,,,,,,,,,,,,
,,,,,,,,,,,,
,,,,,,,,,,,,
,,,,,,,,,,,,
,,,,,,,,,,,,
,,,,,,,,,,,,
,,,,,,,,,,,,
,,,,,,,,,,,,
,,,,,,,,,,,,
,,,,,,,,,,,,
,,,,,,,,,,,,
,,,,,,,,,,,,
,,,,,,,,,,,,
,,,,,,,,,,,,
,,,,,,,,,,,,
,,,,,,,,,,,,
,,,,,,,,,,,,
,,,,,,,,,,,,
,,,,,,,,,,,,
,,,,,,,,,,,,
,,,,,,,,,,,,
,,,,,,,,,,,,
,,,,,,,,,,,,
,,,,,,,,,,,,
,,,,,,,,,,,,
,,,,,,,,,,,,
,,,,,,,,,,,,
,,,,,,,,,,,,
,,,,,,,,,,,,
,,,,,,,,,,,,
,,,,,,,,,,,,
,,,,,,,,,,,,
,,,,,,,,,,,,
,,,,,,,,,,,,
,,,,,,,,,,,,
,,,,,,,,,,,,
,,,,,,,,,,,,
,,,,,,,,,,,,
,,,,,,,,,,,,
,,,,,,,,,,,,
,,,,,,,,,,,,
,,,,,,,,,,,,
,,,,,,,,,,,,
,,,,,,,,,,,,
,,,,,,,,,,,,
,,,,,,,,,,,,
,,,,,,,,,,,,
,,,,,,,,,,,,
,,,,,,,,,,,,
,,,,,,,,,,,,
,,,,,,,,,,,,
,,,,,,,,,,,,
,,,,,,,,,,,,
,,,,,,,,,,,,
,,,,,,,,,,,,
,,,,,,,,,,,,
,,,,,,,,,,,,
,,,,,,,,,,,,
,,,,,,,,,,,,
,,,,,,,,,,,,
,,,,,,,,,,,,
,,,,,,,,,,,,
,,,,,,,,,,,,
,,,,,,,,,,,,
,,,,,,,,,,,,
,,,,,,,,,,,,
,,,,,,,,,,,,
,,,,,,,,,,,,
,,,,,,,,,,,,
,,,,,,,,,,,,
,,,,,,,,,,,,
,,,,,,,,,,,,
,,,,,,,,,,,,
,,,,,,,,,,,,
,,,,,,,,,,,,
,,,,,,,,,,,,
,,,,,,,,,,,,
,,,,,,,,,,,,
,,,,,,,,,,,,
,,,,,,,,,,,,
,,,,,,,,,,,,
,,,,,,,,,,,,
,,,,,,,,,,,,
,,,,,,,,,,,,
,,,,,,,,,,,,
,,,,,,,,,,,,
,,,,,,,,,,,,
,,,,,,,,,,,,
,,,,,,,,,,,,
,,,,,,,,,,,,
,,,,,,,,,,,,
,,,,,,,,,,,,
,,,,,,,,,,,,
,,,,,,,,,,,,
,,,,,,,,,,,,
,,,,,,,,,,,,
,,,,,,,,,,,,
,,,,,,,,,,,,
,,,,,,,,,,,,
,,,,,,,,,,,,
,,,,,,,,,,,,
,,,,,,,,,,,,
,,,,,,,,,,,,
,,,,,,,,,,,,
,,,,,,,,,,,,
,,,,,,,,,,,,
,,,,,,,,,,,,
,,,,,,,,,,,,
,,,,,,,,,,,,
,,,,,,,,,,,,
,,,,,,,,,,,,
,,,,,,,,,,,,
,,,,,,,,,,,,
,,,,,,,,,,,,
,,,,,,,,,,,,
,,,,,,,,,,,,
,,,,,,,,,,,,
,,,,,,,,,,,,
,,,,,,,,,,,,
,,,,,,,,,,,,
,,,,,,,,,,,,
,,,,,,,,,,,,
,,,,,,,,,,,,
,,,,,,,,,,,,
,,,,,,,,,,,,
,,,,,,,,,,,,
,,,,,,,,,,,,
,,,,,,,,,,,,
,,,,,,,,,,,,
,,,,,,,,,,,,
,,,,,,,,,,,,
,,,,,,,,,,,,
,,,,,,,,,,,,
,,,,,,,,,,,,
,,,,,,,,,,,,
,,,,,,,,,,,,
,,,,,,,,,,,,
,,,,,,,,,,,,
,,,,,,,,,,,,
,,,,,,,,,,,,
,,,,,,,,,,,,
,,,,,,,,,,,,
,,,,,,,,,,,,
,,,,,,,,,,,,
,,,,,,,,,,,,
,,,,,,,,,,,,
,,,,,,,,,,,,
,,,,,,,,,,,,
,,,,,,,,,,,,
,,,,,,,,,,,,
,,,,,,,,,,,,
,,,,,,,,,,,,
,,,,,,,,,,,,
,,,,,,,,,,,,
,,,,,,,,,,,,
,,,,,,,,,,,,
,,,,,,,,,,,,
,,,,,,,,,,,,
,,,,,,,,,,,,
,,,,,,,,,,,,
,,,,,,,,,,,,
,,,,,,,,,,,,
,,,,,,,,,,,,
,,,,,,,,,,,,
,,,,,,,,,,,,
,,,,,,,,,,,,
,,,,,,,,,,,,
,,,,,,,,,,,,
,,,,,,,,,,,,
,,,,,,,,,,,,
,,,,,,,,,,,,
,,,,,,,,,,,,
,,,,,,,,,,,,
,,,,,,,,,,,,
,,,,,,,,,,,,
,,,,,,,,,,,,
,,,,,,,,,,,,
,,,,,,,,,,,,
,,,,,,,,,,,,
,,,,,,,,,,,,
,,,,,,,,,,,,
,,,,,,,,,,,,
,,,,,,,,,,,,
,,,,,,,,,,,,
,,,,,,,,,,,,
,,,,,,,,,,,,
,,,,,,,,,,,,
,,,,,,,,,,,,
,,,,,,,,,,,,
,,,,,,,,,,,,
,,,,,,,,,,,,
,,,,,,,,,,,,
,,,,,,,,,,,,
,,,,,,,,,,,,
,,,,,,,,,,,,
,,,,,,,,,,,,
,,,,,,,,,,,,
,,,,,,,,,,,,
,,,,,,,,,,,,
,,,,,,,,,,,,
,,,,,,,,,,,,
,,,,,,,,,,,,
,,,,,,,,,,,,
,,,,,,,,,,,,
,,,,,,,,,,,,
,,,,,,,,,,,,
,,,,,,,,,,,,
,,,,,,,,,,,,
,,,,,,,,,,,,
,,,,,,,,,,,,
,,,,,,,,,,,,
,,,,,,,,,,,,
,,,,,,,,,,,,
,,,,,,,,,,,,
,,,,,,,,,,,,
,,,,,,,,,,,,
,,,,,,,,,,,,
,,,,,,,,,,,,
,,,,,,,,,,,,
,,,,,,,,,,,,
,,,,,,,,,,,,
,,,,,,,,,,,,
,,,,,,,,,,,,
,,,,,,,,,,,,
,,,,,,,,,,,,
,,,,,,,,,,,,
,,,,,,,,,,,,
,,,,,,,,,,,,
,,,,,,,,,,,,
,,,,,,,,,,,,
,,,,,,,,,,,,
,,,,,,,,,,,,
,,,,,,,,,,,,
,,,,,,,,,,,,
,,,,,,,,,,,,
,,,,,,,,,,,,
,,,,,,,,,,,,
,,,,,,,,,,,,
,,,,,,,,,,,,
,,,,,,,,,,,,
,,,,,,,,,,,,
,,,,,,,,,,,,
,,,,,,,,,,,,
,,,,,,,,,,,,
,,,,,,,,,,,,
,,,,,,,,,,,,
,,,,,,,,,,,,
,,,,,,,,,,,,
,,,,,,,,,,,,
,,,,,,,,,,,,
,,,,,,,,,,,,
,,,,,,,,,,,,
,,,,,,,,,,,,
,,,,,,,,,,,,
,,,,,,,,,,,,
,,,,,,,,,,,,
,,,,,,,,,,,,
,,,,,,,,,,,,
,,,,,,,,,,,,
,,,,,,,,,,,,
,,,,,,,,,,,,
,,,,,,,,,,,,
,,,,,,,,,,,,
,,,,,,,,,,,,
,,,,,,,,,,,,
,,,,,,,,,,,,
,,,,,,,,,,,,
,,,,,,,,,,,,
,,,,,,,,,,,,
,,,,,,,,,,,,
,,,,,,,,,,,,
,,,,,,,,,,,,
,,,,,,,,,,,,
,,,,,,,,,,,,
,,,,,,,,,,,,
,,,,,,,,,,,,
,,,,,,,,,,,,
,,,,,,,,,,,,
,,,,,,,,,,,,
,,,,,,,,,,,,
,,,,,,,,,,,,
,,,,,,,,,,,,
,,,,,,,,,,,,
,,,,,,,,,,,,
,,,,,,,,,,,,
,,,,,,,,,,,,
,,,,,,,,,,,,
,,,,,,,,,,,,
,,,,,,,,,,,,
,,,,,,,,,,,,
,,,,,,,,,,,,
,,,,,,,,,,,,
,,,,,,,,,,,,
,,,,,,,,,,,,
,,,,,,,,,,,,
,,,,,,,,,,,,
,,,,,,,,,,,,
,,,,,,,,,,,,
,,,,,,,,,,,,
,,,,,,,,,,,,
,,,,,,,,,,,,
,,,,,,,,,,,,
,,,,,,,,,,,,
,,,,,,,,,,,,
,,,,,,,,,,,,
,,,,,,,,,,,,
,,,,,,,,,,,,
,,,,,,,,,,,,
,,,,,,,,,,,,
,,,,,,,,,,,,
,,,,,,,,,,,,
,,,,,,,,,,,,
,,,,,,,,,,,,
,,,,,,,,,,,,
,,,,,,,,,,,,
,,,,,,,,,,,,
,,,,,,,,,,,,
,,,,,,,,,,,,
,,,,,,,,,,,,
,,,,,,,,,,,,
,,,,,,,,,,,,
,,,,,,,,,,,,
,,,,,,,,,,,,
,,,,,,,,,,,,
,,,,,,,,,,,,
,,,,,,,,,,,,
,,,,,,,,,,,,
,,,,,,,,,,,,
,,,,,,,,,,,,
,,,,,,,,,,,,
,,,,,,,,,,,,
,,,,,,,,,,,,
,,,,,,,,,,,,
,,,,,,,,,,,,
,,,,,,,,,,,,
,,,,,,,,,,,,
,,,,,,,,,,,,
,,,,,,,,,,,,
,,,,,,,,,,,,
,,,,,,,,,,,,
,,,,,,,,,,,,
,,,,,,,,,,,,
,,,,,,,,,,,,
,,,,,,,,,,,,
,,,,,,,,,,,,
,,,,,,,,,,,,
,,,,,,,,,,,,
,,,,,,,,,,,,
,,,,,,,,,,,,
,,,,,,,,,,,,
,,,,,,,,,,,,
,,,,,,,,,,,,
,,,,,,,,,,,,
,,,,,,,,,,,,
,,,,,,,,,,,,
,,,,,,,,,,,,
,,,,,,,,,,,,
,,,,,,,,,,,,
,,,,,,,,,,,,
,,,,,,,,,,,,
,,,,,,,,,,,,
,,,,,,,,,,,,
,,,,,,,,,,,,
,,,,,,,,,,,,
,,,,,,,,,,,,
,,,,,,,,,,,,
,,,,,,,,,,,,
,,,,,,,,,,,,
,,,,,,,,,,,,
,,,,,,,,,,,,
,,,,,,,,,,,,
,,,,,,,,,,,,
,,,,,,,,,,,,
,,,,,,,,,,,,
,,,,,,,,,,,,
,,,,,,,,,,,,
,,,,,,,,,,,,
,,,,,,,,,,,,
,,,,,,,,,,,,
,,,,,,,,,,,,
,,,,,,,,,,,,
,,,,,,,,,,,,
,,,,,,,,,,,,
,,,,,,,,,,,,
,,,,,,,,,,,,
,,,,,,,,,,,,
,,,,,,,,,,,,
,,,,,,,,,,,,
,,,,,,,,,,,,
,,,,,,,,,,,,
,,,,,,,,,,,,
,,,,,,,,,,,,
,,,,,,,,,,,,
,,,,,,,,,,,,
,,,,,,,,,,,,
,,,,,,,,,,,,
,,,,,,,,,,,,
,,,,,,,,,,,,
,,,,,,,,,,,,
,,,,,,,,,,,,
,,,,,,,,,,,,
,,,,,,,,,,,,
,,,,,,,,,,,,
,,,,,,,,,,,,
,,,,,,,,,,,,
,,,,,,,,,,,,
,,,,,,,,,,,,
,,,,,,,,,,,,
,,,,,,,,,,,,
,,,,,,,,,,,,
,,,,,,,,,,,,
,,,,,,,,,,,,
,,,,,,,,,,,,
,,,,,,,,,,,,
,,,,,,,,,,,,
,,,,,,,,,,,,
,,,,,,,,,,,,
,,,,,,,,,,,,
,,,,,,,,,,,,
,,,,,,,,,,,,
,,,,,,,,,,,,
,,,,,,,,,,,,
,,,,,,,,,,,,
,,,,,,,,,,,,
,,,,,,,,,,,,
,,,,,,,,,,,,
,,,,,,,,,,,,
,,,,,,,,,,,,
,,,,,,,,,,,,
,,,,,,,,,,,,
,,,,,,,,,,,,
,,,,,,,,,,,,
,,,,,,,,,,,,
,,,,,,,,,,,,
,,,,,,,,,,,,
,,,,,,,,,,,,
,,,,,,,,,,,,
,,,,,,,,,,,,
,,,,,,,,,,,,
,,,,,,,,,,,,
,,,,,,,,,,,,
,,,,,,,,,,,,
,,,,,,,,,,,,
,,,,,,,,,,,,
,,,,,,,,,,,,
,,,,,,,,,,,,
,,,,,,,,,,,,
,,,,,,,,,,,,
,,,,,,,,,,,,
,,,,,,,,,,,,
,,,,,,,,,,,,
,,,,,,,,,,,,
,,,,,,,,,,,,
,,,,,,,,,,,,
,,,,,,,,,,,,
,,,,,,,,,,,,
,,,,,,,,,,,,
,,,,,,,,,,,,
,,,,,,,,,,,,
,,,,,,,,,,,,
,,,,,,,,,,,,
,,,,,,,,,,,,
,,,,,,,,,,,,
,,,,,,,,,,,,
,,,,,,,,,,,,
,,,,,,,,,,,,
,,,,,,,,,,,,
,,,,,,,,,,,,
,,,,,,,,,,,,
,,,,,,,,,,,,
,,,,,,,,,,,,
,,,,,,,,,,,,
,,,,,,,,,,,,
,,,,,,,,,,,,
,,,,,,,,,,,,
,,,,,,,,,,,,
,,,,,,,,,,,,
,,,,,,,,,,,,
,,,,,,,,,,,,
,,,,,,,,,,,,
,,,,,,,,,,,,
,,,,,,,,,,,,
,,,,,,,,,,,,
,,,,,,,,,,,,
,,,,,,,,,,,,
,,,,,,,,,,,,
,,,,,,,,,,,,
,,,,,,,,,,,,
,,,,,,,,,,,,
,,,,,,,,,,,,
,,,,,,,,,,,,
,,,,,,,,,,,,
,,,,,,,,,,,,
,,,,,,,,,,,,
,,,,,,,,,,,,
,,,,,,,,,,,,
,,,,,,,,,,,,
,,,,,,,,,,,,
,,,,,,,,,,,,
,,,,,,,,,,,,
,,,,,,,,,,,,
,,,,,,,,,,,,
,,,,,,,,,,,,
,,,,,,,,,,,,
,,,,,,,,,,,,
,,,,,,,,,,,,
,,,,,,,,,,,,
,,,,,,,,,,,,
,,,,,,,,,,,,
,,,,,,,,,,,,
,,,,,,,,,,,,
,,,,,,,,,,,,
,,,,,,,,,,,,
,,,,,,,,,,,,
,,,,,,,,,,,,
,,,,,,,,,,,,
,,,,,,,,,,,,
,,,,,,,,,,,,
,,,,,,,,,,,,
,,,,,,,,,,,,
,,,,,,,,,,,,
,,,,,,,,,,,,
,,,,,,,,,,,,
,,,,,,,,,,,,
,,,,,,,,,,,,
,,,,,,,,,,,,
,,,,,,,,,,,,
,,,,,,,,,,,,
,,,,,,,,,,,,
,,,,,,,,,,,,
,,,,,,,,,,,,
,,,,,,,,,,,,
,,,,,,,,,,,,
,,,,,,,,,,,,
,,,,,,,,,,,,
,,,,,,,,,,,,
,,,,,,,,,,,,
,,,,,,,,,,,,
,,,,,,,,,,,,
,,,,,,,,,,,,
,,,,,,,,,,,,
,,,,,,,,,,,,
,,,,,,,,,,,,
,,,,,,,,,,,,
,,,,,,,,,,,,
,,,,,,,,,,,,
,,,,,,,,,,,,
,,,,,,,,,,,,
,,,,,,,,,,,,
,,,,,,,,,,,,
,,,,,,,,,,,,
,,,,,,,,,,,,
,,,,,,,,,,,,
,,,,,,,,,,,,
,,,,,,,,,,,,
,,,,,,,,,,,,
,,,,,,,,,,,,
,,,,,,,,,,,,
,,,,,,,,,,,,
,,,,,,,,,,,,
,,,,,,,,,,,,
,,,,,,,,,,,,
,,,,,,,,,,,,
,,,,,,,,,,,,
,,,,,,,,,,,,
,,,,,,,,,,,,
,,,,,,,,,,,,
,,,,,,,,,,,,
,,,,,,,,,,,,
,,,,,,,,,,,,
,,,,,,,,,,,,
,,,,,,,,,,,,
,,,,,,,,,,,,
,,,,,,,,,,,,
,,,,,,,,,,,,
,,,,,,,,,,,,
,,,,,,,,,,,,
,,,,,,,,,,,,
,,,,,,,,,,,,
,,,,,,,,,,,,
,,,,,,,,,,,,
,,,,,,,,,,,,
,,,,,,,,,,,,
,,,,,,,,,,,,
,,,,,,,,,,,,
,,,,,,,,,,,,
,,,,,,,,,,,,
,,,,,,,,,,,,
,,,,,,,,,,,,
,,,,,,,,,,,,
,,,,,,,,,,,,
,,,,,,,,,,,,
,,,,,,,,,,,,
,,,,,,,,,,,,
,,,,,,,,,,,,
,,,,,,,,,,,,
,,,,,,,,,,,,
,,,,,,,,,,,,
,,,,,,,,,,,,
,,,,,,,,,,,,
,,,,,,,,,,,,
,,,,,,,,,,,,
,,,,,,,,,,,,
,,,,,,,,,,,,
,,,,,,,,,,,,
,,,,,,,,,,,,
,,,,,,,,,,,,
,,,,,,,,,,,,
,,,,,,,,,,,,
,,,,,,,,,,,,
,,,,,,,,,,,,
,,,,,,,,,,,,
,,,,,,,,,,,,
,,,,,,,,,,,,
,,,,,,,,,,,,
,,,,,,,,,,,,
,,,,,,,,,,,,
,,,,,,,,,,,,
,,,,,,,,,,,,
,,,,,,,,,,,,
,,,,,,,,,,,,
,,,,,,,,,,,,
,,,,,,,,,,,,
,,,,,,,,,,,,
,,,,,,,,,,,,
,,,,,,,,,,,,
,,,,,,,,,,,,
,,,,,,,,,,,,
,,,,,,,,,,,,
,,,,,,,,,,,,
,,,,,,,,,,,,
,,,,,,,,,,,,
,,,,,,,,,,,,
,,,,,,,,,,,,
,,,,,,,,,,,,
,,,,,,,,,,,,
,,,,,,,,,,,,
,,,,,,,,,,,,
,,,,,,,,,,,,
,,,,,,,,,,,,
,,,,,,,,,,,,
,,,,,,,,,,,,
,,,,,,,,,,,,
,,,,,,,,,,,,
,,,,,,,,,,,,
,,,,,,,,,,,,
,,,,,,,,,,,,
,,,,,,,,,,,,
,,,,,,,,,,,,
,,,,,,,,,,,,
,,,,,,,,,,,,
,,,,,,,,,,,,
,,,,,,,,,,,,
,,,,,,,,,,,,
,,,,,,,,,,,,
,,,,,,,,,,,,
,,,,,,,,,,,,
,,,,,,,,,,,,
,,,,,,,,,,,,
,,,,,,,,,,,,
,,,,,,,,,,,,
,,,,,,,,,,,,
,,,,,,,,,,,,
,,,,,,,,,,,,
,,,,,,,,,,,,
,,,,,,,,,,,,
,,,,,,,,,,,,
,,,,,,,,,,,,
,,,,,,,,,,,,
,,,,,,,,,,,,
,,,,,,,,,,,,
,,,,,,,,,,,,
,,,,,,,,,,,,
,,,,,,,,,,,,
,,,,,,,,,,,,
,,,,,,,,,,,,
,,,,,,,,,,,,
,,,,,,,,,,,,
,,,,,,,,,,,,
,,,,,,,,,,,,
,,,,,,,,,,,,
,,,,,,,,,,,,
,,,,,,,,,,,,
,,,,,,,,,,,,
,,,,,,,,,,,,
,,,,,,,,,,,,
,,,,,,,,,,,,
,,,,,,,,,,,,
,,,,,,,,,,,,
,,,,,,,,,,,,
,,,,,,,,,,,,
,,,,,,,,,,,,
,,,,,,,,,,,,
,,,,,,,,,,,,
,,,,,,,,,,,,
,,,,,,,,,,,,
,,,,,,,,,,,,
,,,,,,,,,,,,
,,,,,,,,,,,,
,,,,,,,,,,,,
,,,,,,,,,,,,
,,,,,,,,,,,,
,,,,,,,,,,,,
,,,,,,,,,,,,
,,,,,,,,,,,,
,,,,,,,,,,,,
,,,,,,,,,,,,
,,,,,,,,,,,,
,,,,,,,,,,,,
,,,,,,,,,,,,
,,,,,,,,,,,,
,,,,,,,,,,,,
,,,,,,,,,,,,
,,,,,,,,,,,,
,,,,,,,,,,,,
,,,,,,,,,,,,
,,,,,,,,,,,,
,,,,,,,,,,,,
,,,,,,,,,,,,
,,,,,,,,,,,,
,,,,,,,,,,,,
,,,,,,,,,,,,
,,,,,,,,,,,,
,,,,,,,,,,,,
,,,,,,,,,,,,
,,,,,,,,,,,,
,,,,,,,,,,,,
,,,,,,,,,,,,
,,,,,,,,,,,,
,,,,,,,,,,,,
,,,,,,,,,,,,
,,,,,,,,,,,,
,,,,,,,,,,,,
,,,,,,,,,,,,
,,,,,,,,,,,,
,,,,,,,,,,,,
,,,,,,,,,,,,
,,,,,,,,,,,,
,,,,,,,,,,,,
,,,,,,,,,,,,
,,,,,,,,,,,,
,,,,,,,,,,,,
,,,,,,,,,,,,
,,,,,,,,,,,,
,,,,,,,,,,,,
,,,,,,,,,,,,
,,,,,,,,,,,,
,,,,,,,,,,,,
,,,,,,,,,,,,
,,,,,,,,,,,,
,,,,,,,,,,,,
,,,,,,,,,,,,
,,,,,,,,,,,,
,,,,,,,,,,,,
,,,,,,,,,,,,
,,,,,,,,,,,,
,,,,,,,,,,,,
,,,,,,,,,,,,
,,,,,,,,,,,,
,,,,,,,,,,,,
,,,,,,,,,,,,
,,,,,,,,,,,,
,,,,,,,,,,,,
,,,,,,,,,,,,
,,,,,,,,,,,,
,,,,,,,,,,,,
,,,,,,,,,,,,
,,,,,,,,,,,,
,,,,,,,,,,,,
,,,,,,,,,,,,
,,,,,,,,,,,,
,,,,,,,,,,,,
,,,,,,,,,,,,
,,,,,,,,,,,,
,,,,,,,,,,,,
,,,,,,,,,,,,
,,,,,,,,,,,,
,,,,,,,,,,,,
,,,,,,,,,,,,
,,,,,,,,,,,,
,,,,,,,,,,,,
,,,,,,,,,,,,
,,,,,,,,,,,,
,,,,,,,,,,,,
,,,,,,,,,,,,
,,,,,,,,,,,,
,,,,,,,,,,,,
,,,,,,,,,,,,
,,,,,,,,,,,,
,,,,,,,,,,,,
,,,,,,,,,,,,
,,,,,,,,,,,,
,,,,,,,,,,,,
,,,,,,,,,,,,
,,,,,,,,,,,,
,,,,,,,,,,,,
,,,,,,,,,,,,
,,,,,,,,,,,,
,,,,,,,,,,,,
,,,,,,,,,,,,
,,,,,,,,,,,,
,,,,,,,,,,,,
,,,,,,,,,,,,
,,,,,,,,,,,,
,,,,,,,,,,,,
,,,,,,,,,,,,
,,,,,,,,,,,,
,,,,,,,,,,,,
,,,,,,,,,,,,
,,,,,,,,,,,,
,,,,,,,,,,,,
,,,,,,,,,,,,
,,,,,,,,,,,,
,,,,,,,,,,,,
,,,,,,,,,,,,
,,,,,,,,,,,,
,,,,,,,,,,,,
,,,,,,,,,,,,
,,,,,,,,,,,,
,,,,,,,,,,,,
,,,,,,,,,,,,
,,,,,,,,,,,,
,,,,,,,,,,,,
,,,,,,,,,,,,
,,,,,,,,,,,,
,,,,,,,,,,,,
,,,,,,,,,,,,
,,,,,,,,,,,,
,,,,,,,,,,,,
,,,,,,,,,,,,
,,,,,,,,,,,,
,,,,,,,,,,,,
,,,,,,,,,,,,
,,,,,,,,,,,,
,,,,,,,,,,,,
,,,,,,,,,,,,
,,,,,,,,,,,,
,,,,,,,,,,,,
,,,,,,,,,,,,
,,,,,,,,,,,,
,,,,,,,,,,,,
,,,,,,,,,,,,
,,,,,,,,,,,,
,,,,,,,,,,,,
,,,,,,,,,,,,
,,,,,,,,,,,,
,,,,,,,,,,,,
,,,,,,,,,,,,
,,,,,,,,,,,,
,,,,,,,,,,,,
,,,,,,,,,,,,
,,,,,,,,,,,,
,,,,,,,,,,,,
,,,,,,,,,,,,
,,,,,,,,,,,,
,,,,,,,,,,,,
,,,,,,,,,,,,
,,,,,,,,,,,,
,,,,,,,,,,,,
,,,,,,,,,,,,
,,,,,,,,,,,,
,,,,,,,,,,,,
,,,,,,,,,,,,
,,,,,,,,,,,,
,,,,,,,,,,,,
,,,,,,,,,,,,
,,,,,,,,,,,,
,,,,,,,,,,,,
,,,,,,,,,,,,
,,,,,,,,,,,,
,,,,,,,,,,,,
,,,,,,,,,,,,
,,,,,,,,,,,,
,,,,,,,,,,,,
,,,,,,,,,,,,
,,,,,,,,,,,,
,,,,,,,,,,,,
,,,,,,,,,,,,
,,,,,,,,,,,,
,,,,,,,,,,,,
,,,,,,,,,,,,
,,,,,,,,,,,,
,,,,,,,,,,,,
,,,,,,,,,,,,
,,,,,,,,,,,,
,,,,,,,,,,,,
,,,,,,,,,,,,
,,,,,,,,,,,,
,,,,,,,,,,,,
,,,,,,,,,,,,
,,,,,,,,,,,,
,,,,,,,,,,,,
,,,,,,,,,,,,
,,,,,,,,,,,,
,,,,,,,,,,,,
,,,,,,,,,,,,
,,,,,,,,,,,,
,,,,,,,,,,,,
,,,,,,,,,,,,
,,,,,,,,,,,,
,,,,,,,,,,,,
,,,,,,,,,,,,
,,,,,,,,,,,,
,,,,,,,,,,,,
,,,,,,,,,,,,
,,,,,,,,,,,,
,,,,,,,,,,,,
,,,,,,,,,,,,
,,,,,,,,,,,,
,,,,,,,,,,,,
,,,,,,,,,,,,
,,,,,,,,,,,,
,,,,,,,,,,,,
,,,,,,,,,,,,
,,,,,,,,,,,,
,,,,,,,,,,,,
,,,,,,,,,,,,
,,,,,,,,,,,,
,,,,,,,,,,,,
,,,,,,,,,,,,
,,,,,,,,,,,,
,,,,,,,,,,,,
,,,,,,,,,,,,
,,,,,,,,,,,,
,,,,,,,,,,,,
,,,,,,,,,,,,
,,,,,,,,,,,,
,,,,,,,,,,,,
,,,,,,,,,,,,
,,,,,,,,,,,,
,,,,,,,,,,,,
,,,,,,,,,,,,
,,,,,,,,,,,,
,,,,,,,,,,,,
,,,,,,,,,,,,
,,,,,,,,,,,,
,,,,,,,,,,,,
,,,,,,,,,,,,
,,,,,,,,,,,,
,,,,,,,,,,,,
,,,,,,,,,,,,
,,,,,,,,,,,,
,,,,,,,,,,,,
,,,,,,,,,,,,
,,,,,,,,,,,,
,,,,,,,,,,,,
,,,,,,,,,,,,
,,,,,,,,,,,,
,,,,,,,,,,,,
,,,,,,,,,,,,
,,,,,,,,,,,,
,,,,,,,,,,,,
,,,,,,,,,,,,
,,,,,,,,,,,,
,,,,,,,,,,,,
,,,,,,,,,,,,
,,,,,,,,,,,,
,,,,,,,,,,,,
,,,,,,,,,,,,
,,,,,,,,,,,,
,,,,,,,,,,,,
,,,,,,,,,,,,
,,,,,,,,,,,,
,,,,,,,,,,,,
,,,,,,,,,,,,
,,,,,,,,,,,,
,,,,,,,,,,,,
,,,,,,,,,,,,
,,,,,,,,,,,,
,,,,,,,,,,,,
,,,,,,,,,,,,
,,,,,,,,,,,,
,,,,,,,,,,,,
,,,,,,,,,,,,
,,,,,,,,,,,,
,,,,,,,,,,,,
,,,,,,,,,,,,
,,,,,,,,,,,,
,,,,,,,,,,,,
,,,,,,,,,,,,
,,,,,,,,,,,,
,,,,,,,,,,,,
,,,,,,,,,,,,
,,,,,,,,,,,,
,,,,,,,,,,,,
,,,,,,,,,,,,
,,,,,,,,,,,,
,,,,,,,,,,,,
,,,,,,,,,,,,
,,,,,,,,,,,,
,,,,,,,,,,,,
,,,,,,,,,,,,
,,,,,,,,,,,,
,,,,,,,,,,,,
,,,,,,,,,,,,
,,,,,,,,,,,,
,,,,,,,,,,,,
,,,,,,,,,,,,
,,,,,,,,,,,,
,,,,,,,,,,,,
,,,,,,,,,,,,
,,,,,,,,,,,,
,,,,,,,,,,,,
,,,,,,,,,,,,
,,,,,,,,,,,,
,,,,,,,,,,,,
,,,,,,,,,,,,
,,,,,,,,,,,,
,,,,,,,,,,,,
,,,,,,,,,,,,
,,,,,,,,,,,,
,,,,,,,,,,,,
,,,,,,,,,,,,
,,,,,,,,,,,,
,,,,,,,,,,,,
,,,,,,,,,,,,
,,,,,,,,,,,,
,,,,,,,,,,,,
,,,,,,,,,,,,
,,,,,,,,,,,,
,,,,,,,,,,,,
,,,,,,,,,,,,
,,,,,,,,,,,,
,,,,,,,,,,,,
,,,,,,,,,,,,
,,,,,,,,,,,,
,,,,,,,,,,,,
,,,,,,,,,,,,
,,,,,,,,,,,,
,,,,,,,,,,,,
,,,,,,,,,,,,
,,,,,,,,,,,,
,,,,,,,,,,,,
,,,,,,,,,,,,
,,,,,,,,,,,,
,,,,,,,,,,,,
,,,,,,,,,,,,
,,,,,,,,,,,,
,,,,,,,,,,,,
,,,,,,,,,,,,
,,,,,,,,,,,,
,,,,,,,,,,,,
,,,,,,,,,,,,
,,,,,,,,,,,,
,,,,,,,,,,,,
,,,,,,,,,,,,
,,,,,,,,,,,,
,,,,,,,,,,,,
,,,,,,,,,,,,
,,,,,,,,,,,,
,,,,,,,,,,,,
,,,,,,,,,,,,
,,,,,,,,,,,,
,,,,,,,,,,,,
,,,,,,,,,,,,
,,,,,,,,,,,,
,,,,,,,,,,,,
,,,,,,,,,,,,
,,,,,,,,,,,,
,,,,,,,,,,,,
,,,,,,,,,,,,
,,,,,,,,,,,,
,,,,,,,,,,,,
,,,,,,,,,,,,
,,,,,,,,,,,,
,,,,,,,,,,,,
,,,,,,,,,,,,
,,,,,,,,,,,,
,,,,,,,,,,,,
,,,,,,,,,,,,
,,,,,,,,,,,,
,,,,,,,,,,,,
,,,,,,,,,,,,
,,,,,,,,,,,,
,,,,,,,,,,,,
,,,,,,,,,,,,
,,,,,,,,,,,,
,,,,,,,,,,,,
,,,,,,,,,,,,
,,,,,,,,,,,,
,,,,,,,,,,,,
,,,,,,,,,,,,
,,,,,,,,,,,,
,,,,,,,,,,,,
,,,,,,,,,,,,
,,,,,,,,,,,,
,,,,,,,,,,,,
,,,,,,,,,,,,
,,,,,,,,,,,,
,,,,,,,,,,,,
,,,,,,,,,,,,
,,,,,,,,,,,,
,,,,,,,,,,,,
,,,,,,,,,,,,
,,,,,,,,,,,,
,,,,,,,,,,,,
,,,,,,,,,,,,
,,,,,,,,,,,,
,,,,,,,,,,,,
,,,,,,,,,,,,
,,,,,,,,,,,,
,,,,,,,,,,,,
,,,,,,,,,,,,
,,,,,,,,,,,,
,,,,,,,,,,,,
,,,,,,,,,,,,
,,,,,,,,,,,,
,,,,,,,,,,,,
,,,,,,,,,,,,
,,,,,,,,,,,,
,,,,,,,,,,,,
,,,,,,,,,,,,
,,,,,,,,,,,,
,,,,,,,,,,,,
,,,,,,,,,,,,
,,,,,,,,,,,,
,,,,,,,,,,,,
,,,,,,,,,,,,
,,,,,,,,,,,,
,,,,,,,,,,,,
,,,,,,,,,,,,
,,,,,,,,,,,,
,,,,,,,,,,,,
,,,,,,,,,,,,
,,,,,,,,,,,,
,,,,,,,,,,,,
,,,,,,,,,,,,
,,,,,,,,,,,,
,,,,,,,,,,,,
,,,,,,,,,,,,
,,,,,,,,,,,,
,,,,,,,,,,,,
,,,,,,,,,,,,
,,,,,,,,,,,,
,,,,,,,,,,,,
,,,,,,,,,,,,
,,,,,,,,,,,,
,,,,,,,,,,,,
,,,,,,,,,,,,
,,,,,,,,,,,,
,,,,,,,,,,,,
,,,,,,,,,,,,
,,,,,,,,,,,,
,,,,,,,,,,,,
,,,,,,,,,,,,
,,,,,,,,,,,,
,,,,,,,,,,,,
,,,,,,,,,,,,
,,,,,,,,,,,,
,,,,,,,,,,,,
,,,,,,,,,,,,
,,,,,,,,,,,,
,,,,,,,,,,,,
,,,,,,,,,,,,
,,,,,,,,,,,,
,,,,,,,,,,,,
,,,,,,,,,,,,
,,,,,,,,,,,,
,,,,,,,,,,,,
,,,,,,,,,,,,
,,,,,,,,,,,,
,,,,,,,,,,,,
,,,,,,,,,,,,
,,,,,,,,,,,,
,,,,,,,,,,,,
,,,,,,,,,,,,
,,,,,,,,,,,,
,,,,,,,,,,,,
,,,,,,,,,,,,
,,,,,,,,,,,,
,,,,,,,,,,,,
,,,,,,,,,,,,
,,,,,,,,,,,,
,,,,,,,,,,,,
,,,,,,,,,,,,
,,,,,,,,,,,,
,,,,,,,,,,,,
,,,,,,,,,,,,
,,,,,,,,,,,,
,,,,,,,,,,,,
,,,,,,,,,,,,
,,,,,,,,,,,,
,,,,,,,,,,,,
,,,,,,,,,,,,
,,,,,,,,,,,,
,,,,,,,,,,,,
,,,,,,,,,,,,
,,,,,,,,,,,,
,,,,,,,,,,,,
,,,,,,,,,,,,
,,,,,,,,,,,,
,,,,,,,,,,,,
,,,,,,,,,,,,
,,,,,,,,,,,,
,,,,,,,,,,,,
,,,,,,,,,,,,
,,,,,,,,,,,,
,,,,,,,,,,,,
,,,,,,,,,,,,
,,,,,,,,,,,,
,,,,,,,,,,,,
,,,,,,,,,,,,
,,,,,,,,,,,,
,,,,,,,,,,,,
,,,,,,,,,,,,
,,,,,,,,,,,,
,,,,,,,,,,,,
,,,,,,,,,,,,
,,,,,,,,,,,,
,,,,,,,,,,,,
,,,,,,,,,,,,
,,,,,,,,,,,,
,,,,,,,,,,,,
,,,,,,,,,,,,
,,,,,,,,,,,,
,,,,,,,,,,,,
,,,,,,,,,,,,
,,,,,,,,,,,,
,,,,,,,,,,,,
,,,,,,,,,,,,
,,,,,,,,,,,,
,,,,,,,,,,,,
,,,,,,,,,,,,
,,,,,,,,,,,,
,,,,,,,,,,,,
,,,,,,,,,,,,
,,,,,,,,,,,,
,,,,,,,,,,,,
,,,,,,,,,,,,
,,,,,,,,,,,,
,,,,,,,,,,,,
,,,,,,,,,,,,
,,,,,,,,,,,,
,,,,,,,,,,,,
,,,,,,,,,,,,
,,,,,,,,,,,,
,,,,,,,,,,,,
,,,,,,,,,,,,
,,,,,,,,,,,,
,,,,,,,,,,,,
,,,,,,,,,,,,
,,,,,,,,,,,,
,,,,,,,,,,,,
,,,,,,,,,,,,
,,,,,,,,,,,,
,,,,,,,,,,,,
,,,,,,,,,,,,
,,,,,,,,,,,,
,,,,,,,,,,,,
,,,,,,,,,,,,
,,,,,,,,,,,,
,,,,,,,,,,,,
,,,,,,,,,,,,
,,,,,,,,,,,,
,,,,,,,,,,,,
,,,,,,,,,,,,
,,,,,,,,,,,,
,,,,,,,,,,,,
,,,,,,,,,,,,
,,,,,,,,,,,,
,,,,,,,,,,,,
,,,,,,,,,,,,
,,,,,,,,,,,,
,,,,,,,,,,,,
,,,,,,,,,,,,
,,,,,,,,,,,,
,,,,,,,,,,,,
,,,,,,,,,,,,
,,,,,,,,,,,,
,,,,,,,,,,,,
,,,,,,,,,,,,
,,,,,,,,,,,,
,,,,,,,,,,,,
,,,,,,,,,,,,
,,,,,,,,,,,,
,,,,,,,,,,,,
,,,,,,,,,,,,
,,,,,,,,,,,,
,,,,,,,,,,,,
,,,,,,,,,,,,
,,,,,,,,,,,,
,,,,,,,,,,,,
,,,,,,,,,,,,
,,,,,,,,,,,,
,,,,,,,,,,,,
,,,,,,,,,,,,
,,,,,,,,,,,,
,,,,,,,,,,,,
,,,,,,,,,,,,
,,,,,,,,,,,,
,,,,,,,,,,,,
,,,,,,,,,,,,
,,,,,,,,,,,,
,,,,,,,,,,,,
,,,,,,,,,,,,
,,,,,,,,,,,,
,,,,,,,,,,,,
,,,,,,,,,,,,
,,,,,,,,,,,,
,,,,,,,,,,,,
,,,,,,,,,,,,
,,,,,,,,,,,,
,,,,,,,,,,,,
,,,,,,,,,,,,
,,,,,,,,,,,,
,,,,,,,,,,,,
,,,,,,,,,,,,
,,,,,,,,,,,,
,,,,,,,,,,,,
,,,,,,,,,,,,
,,,,,,,,,,,,
,,,,,,,,,,,,
,,,,,,,,,,,,
,,,,,,,,,,,,
,,,,,,,,,,,,
,,,,,,,,,,,,
,,,,,,,,,,,,
,,,,,,,,,,,,
,,,,,,,,,,,,
,,,,,,,,,,,,
,,,,,,,,,,,,
,,,,,,,,,,,,
,,,,,,,,,,,,
,,,,,,,,,,,,
,,,,,,,,,,,,
,,,,,,,,,,,,
,,,,,,,,,,,,
,,,,,,,,,,,,
,,,,,,,,,,,,
,,,,,,,,,,,,
,,,,,,,,,,,,
,,,,,,,,,,,,
,,,,,,,,,,,,
,,,,,,,,,,,,
,,,,,,,,,,,,
,,,,,,,,,,,,
,,,,,,,,,,,,
,,,,,,,,,,,,
,,,,,,,,,,,,
,,,,,,,,,,,,
,,,,,,,,,,,,
,,,,,,,,,,,,
,,,,,,,,,,,,
,,,,,,,,,,,,
,,,,,,,,,,,,
,,,,,,,,,,,,
,,,,,,,,,,,,
,,,,,,,,,,,,
,,,,,,,,,,,,
,,,,,,,,,,,,
,,,,,,,,,,,,
,,,,,,,,,,,,
,,,,,,,,,,,,
,,,,,,,,,,,,
,,,,,,,,,,,,
,,,,,,,,,,,,
,,,,,,,,,,,,
,,,,,,,,,,,,
,,,,,,,,,,,,
,,,,,,,,,,,,
,,,,,,,,,,,,
,,,,,,,,,,,,
,,,,,,,,,,,,
,,,,,,,,,,,,
,,,,,,,,,,,,
,,,,,,,,,,,,
,,,,,,,,,,,,
,,,,,,,,,,,,
,,,,,,,,,,,,
,,,,,,,,,,,,
,,,,,,,,,,,,
,,,,,,,,,,,,
,,,,,,,,,,,,
,,,,,,,,,,,,
,,,,,,,,,,,,
,,,,,,,,,,,,
,,,,,,,,,,,,
,,,,,,,,,,,,
,,,,,,,,,,,,
,,,,,,,,,,,,
,,,,,,,,,,,,
,,,,,,,,,,,,
,,,,,,,,,,,,
,,,,,,,,,,,,
,,,,,,,,,,,,
,,,,,,,,,,,,
,,,,,,,,,,,,
,,,,,,,,,,,,
,,,,,,,,,,,,
,,,,,,,,,,,,
,,,,,,,,,,,,
,,,,,,,,,,,,
,,,,,,,,,,,,
,,,,,,,,,,,,
,,,,,,,,,,,,
,,,,,,,,,,,,
,,,,,,,,,,,,
,,,,,,,,,,,,
,,,,,,,,,,,,
,,,,,,,,,,,,
,,,,,,,,,,,,
,,,,,,,,,,,,
,,,,,,,,,,,,
,,,,,,,,,,,,
,,,,,,,,,,,,
,,,,,,,,,,,,
,,,,,,,,,,,,
,,,,,,,,,,,,
,,,,,,,,,,,,
,,,,,,,,,,,,
,,,,,,,,,,,,
,,,,,,,,,,,,
,,,,,,,,,,,,
,,,,,,,,,,,,
,,,,,,,,,,,,
,,,,,,,,,,,,
,,,,,,,,,,,,
,,,,,,,,,,,,
,,,,,,,,,,,,
,,,,,,,,,,,,
,,,,,,,,,,,,
,,,,,,,,,,,,
,,,,,,,,,,,,
,,,,,,,,,,,,
,,,,,,,,,,,,
,,,,,,,,,,,,
,,,,,,,,,,,,
,,,,,,,,,,,,
,,,,,,,,,,,,
,,,,,,,,,,,,
,,,,,,,,,,,,
,,,,,,,,,,,,
,,,,,,,,,,,,
,,,,,,,,,,,,
,,,,,,,,,,,,
,,,,,,,,,,,,
,,,,,,,,,,,,
,,,,,,,,,,,,
,,,,,,,,,,,,
,,,,,,,,,,,,
,,,,,,,,,,,,
,,,,,,,,,,,,
,,,,,,,,,,,,
,,,,,,,,,,,,
,,,,,,,,,,,,
,,,,,,,,,,,,
,,,,,,,,,,,,
,,,,,,,,,,,,
,,,,,,,,,,,,
,,,,,,,,,,,,
,,,,,,,,,,,,
,,,,,,,,,,,,
,,,,,,,,,,,,
,,,,,,,,,,,,
,,,,,,,,,,,,
,,,,,,,,,,,,
,,,,,,,,,,,,
,,,,,,,,,,,,
,,,,,,,,,,,,
,,,,,,,,,,,,
,,,,,,,,,,,,
,,,,,,,,,,,,
,,,,,,,,,,,,
,,,,,,,,,,,,
,,,,,,,,,,,,
,,,,,,,,,,,,
,,,,,,,,,,,,
,,,,,,,,,,,,
,,,,,,,,,,,,
,,,,,,,,,,,,
,,,,,,,,,,,,
,,,,,,,,,,,,
,,,,,,,,,,,,
,,,,,,,,,,,,
,,,,,,,,,,,,
,,,,,,,,,,,,
,,,,,,,,,,,,
,,,,,,,,,,,,
,,,,,,,,,,,,
,,,,,,,,,,,,
,,,,,,,,,,,,
,,,,,,,,,,,,
,,,,,,,,,,,,
,,,,,,,,,,,,
,,,,,,,,,,,,
,,,,,,,,,,,,
,,,,,,,,,,,,
,,,,,,,,,,,,
,,,,,,,,,,,,
,,,,,,,,,,,,
,,,,,,,,,,,,
,,,,,,,,,,,,
,,,,,,,,,,,,
,,,,,,,,,,,,
,,,,,,,,,,,,
,,,,,,,,,,,,
,,,,,,,,,,,,
,,,,,,,,,,,,
,,,,,,,,,,,,
,,,,,,,,,,,,
,,,,,,,,,,,,
,,,,,,,,,,,,
,,,,,,,,,,,,
,,,,,,,,,,,,
,,,,,,,,,,,,
,,,,,,,,,,,,
,,,,,,,,,,,,
,,,,,,,,,,,,
,,,,,,,,,,,,
,,,,,,,,,,,,
,,,,,,,,,,,,
,,,,,,,,,,,,
,,,,,,,,,,,,
,,,,,,,,,,,,
,,,,,,,,,,,,
,,,,,,,,,,,,
,,,,,,,,,,,,
,,,,,,,,,,,,
,,,,,,,,,,,,
,,,,,,,,,,,,
,,,,,,,,,,,,
,,,,,,,,,,,,
,,,,,,,,,,,,
,,,,,,,,,,,,
,,,,,,,,,,,,
,,,,,,,,,,,,
,,,,,,,,,,,,
,,,,,,,,,,,,
,,,,,,,,,,,,
,,,,,,,,,,,,
,,,,,,,,,,,,
,,,,,,,,,,,,
,,,,,,,,,,,,
,,,,,,,,,,,,
,,,,,,,,,,,,
,,,,,,,,,,,,
,,,,,,,,,,,,
,,,,,,,,,,,,
,,,,,,,,,,,,
,,,,,,,,,,,,
,,,,,,,,,,,,
,,,,,,,,,,,,
,,,,,,,,,,,,
,,,,,,,,,,,,
,,,,,,,,,,,,
,,,,,,,,,,,,
,,,,,,,,,,,,
,,,,,,,,,,,,
,,,,,,,,,,,,
,,,,,,,,,,,,
,,,,,,,,,,,,
,,,,,,,,,,,,
,,,,,,,,,,,,
,,,,,,,,,,,,
,,,,,,,,,,,,
,,,,,,,,,,,,
,,,,,,,,,,,,
,,,,,,,,,,,,
,,,,,,,,,,,,
,,,,,,,,,,,,
,,,,,,,,,,,,
,,,,,,,,,,,,
,,,,,,,,,,,,
,,,,,,,,,,,,
,,,,,,,,,,,,
,,,,,,,,,,,,
,,,,,,,,,,,,
,,,,,,,,,,,,
,,,,,,,,,,,,
,,,,,,,,,,,,
,,,,,,,,,,,,
,,,,,,,,,,,,
,,,,,,,,,,,,
,,,,,,,,,,,,
,,,,,,,,,,,,
,,,,,,,,,,,,
,,,,,,,,,,,,
,,,,,,,,,,,,
,,,,,,,,,,,,
,,,,,,,,,,,,
,,,,,,,,,,,,
,,,,,,,,,,,,
,,,,,,,,,,,,
,,,,,,,,,,,,
,,,,,,,,,,,,
,,,,,,,,,,,,
,,,,,,,,,,,,
,,,,,,,,,,,,
,,,,,,,,,,,,
,,,,,,,,,,,,
,,,,,,,,,,,,
,,,,,,,,,,,,
,,,,,,,,,,,,
,,,,,,,,,,,,
,,,,,,,,,,,,
,,,,,,,,,,,,
,,,,,,,,,,,,
,,,,,,,,,,,,
,,,,,,,,,,,,
,,,,,,,,,,,,
,,,,,,,,,,,,
,,,,,,,,,,,,
,,,,,,,,,,,,
,,,,,,,,,,,,
,,,,,,,,,,,,
,,,,,,,,,,,,
,,,,,,,,,,,,
,,,,,,,,,,,,
,,,,,,,,,,,,
,,,,,,,,,,,,
,,,,,,,,,,,,
,,,,,,,,,,,,
,,,,,,,,,,,,
,,,,,,,,,,,,
,,,,,,,,,,,,
,,,,,,,,,,,,
,,,,,,,,,,,,
,,,,,,,,,,,,
,,,,,,,,,,,,
,,,,,,,,,,,,
,,,,,,,,,,,,
,,,,,,,,,,,,
,,,,,,,,,,,,
,,,,,,,,,,,,
,,,,,,,,,,,,
,,,,,,,,,,,,
,,,,,,,,,,,,
,,,,,,,,,,,,
,,,,,,,,,,,,
,,,,,,,,,,,,
,,,,,,,,,,,,
,,,,,,,,,,,,
,,,,,,,,,,,,
,,,,,,,,,,,,
,,,,,,,,,,,,
,,,,,,,,,,,,
,,,,,,,,,,,,
,,,,,,,,,,,,
,,,,,,,,,,,,
,,,,,,,,,,,,
,,,,,,,,,,,,
,,,,,,,,,,,,
,,,,,,,,,,,,
,,,,,,,,,,,,
,,,,,,,,,,,,
,,,,,,,,,,,,
,,,,,,,,,,,,
,,,,,,,,,,,,
,,,,,,,,,,,,
,,,,,,,,,,,,
,,,,,,,,,,,,
,,,,,,,,,,,,
,,,,,,,,,,,,
,,,,,,,,,,,,
,,,,,,,,,,,,
,,,,,,,,,,,,
,,,,,,,,,,,,
,,,,,,,,,,,,
,,,,,,,,,,,,
,,,,,,,,,,,,
,,,,,,,,,,,,
,,,,,,,,,,,,
,,,,,,,,,,,,
,,,,,,,,,,,,
,,,,,,,,,,,,
,,,,,,,,,,,,
,,,,,,,,,,,,
,,,,,,,,,,,,
,,,,,,,,,,,,
,,,,,,,,,,,,
,,,,,,,,,,,,
,,,,,,,,,,,,
,,,,,,,,,,,,
,,,,,,,,,,,,
,,,,,,,,,,,,
,,,,,,,,,,,,
,,,,,,,,,,,,
,,,,,,,,,,,,
,,,,,,,,,,,,
,,,,,,,,,,,,
,,,,,,,,,,,,
,,,,,,,,,,,,
,,,,,,,,,,,,
,,,,,,,,,,,,
,,,,,,,,,,,,
,,,,,,,,,,,,
,,,,,,,,,,,,
,,,,,,,,,,,,
,,,,,,,,,,,,
,,,,,,,,,,,,
,,,,,,,,,,,,
,,,,,,,,,,,,
,,,,,,,,,,,,
,,,,,,,,,,,,
,,,,,,,,,,,,
,,,,,,,,,,,,
,,,,,,,,,,,,
,,,,,,,,,,,,
,,,,,,,,,,,,
,,,,,,,,,,,,
,,,,,,,,,,,,
,,,,,,,,,,,,
,,,,,,,,,,,,
,,,,,,,,,,,,
,,,,,,,,,,,,
,,,,,,,,,,,,
,,,,,,,,,,,,
,,,,,,,,,,,,
,,,,,,,,,,,,
,,,,,,,,,,,,
,,,,,,,,,,,,
,,,,,,,,,,,,
,,,,,,,,,,,,
,,,,,,,,,,,,
,,,,,,,,,,,,
,,,,,,,,,,,,
,,,,,,,,,,,,
,,,,,,,,,,,,
,,,,,,,,,,,,
,,,,,,,,,,,,
,,,,,,,,,,,,
,,,,,,,,,,,,
,,,,,,,,,,,,
,,,,,,,,,,,,
,,,,,,,,,,,,
,,,,,,,,,,,,
,,,,,,,,,,,,
,,,,,,,,,,,,
,,,,,,,,,,,,
,,,,,,,,,,,,
,,,,,,,,,,,,
,,,,,,,,,,,,
,,,,,,,,,,,,
,,,,,,,,,,,,
,,,,,,,,,,,,
,,,,,,,,,,,,
,,,,,,,,,,,,
,,,,,,,,,,,,
,,,,,,,,,,,,
,,,,,,,,,,,,
,,,,,,,,,,,,
,,,,,,,,,,,,
,,,,,,,,,,,,
,,,,,,,,,,,,
,,,,,,,,,,,,
,,,,,,,,,,,,
,,,,,,,,,,,,
,,,,,,,,,,,,
,,,,,,,,,,,,
,,,,,,,,,,,,
,,,,,,,,,,,,
,,,,,,,,,,,,
,,,,,,,,,,,,
,,,,,,,,,,,,
,,,,,,,,,,,,
,,,,,,,,,,,,
,,,,,,,,,,,,
,,,,,,,,,,,,
,,,,,,,,,,,,
,,,,,,,,,,,,
,,,,,,,,,,,,
,,,,,,,,,,,,
,,,,,,,,,,,,
,,,,,,,,,,,,
,,,,,,,,,,,,
,,,,,,,,,,,,
,,,,,,,,,,,,
,,,,,,,,,,,,
,,,,,,,,,,,,
,,,,,,,,,,,,
,,,,,,,,,,,,
,,,,,,,,,,,,
,,,,,,,,,,,,
,,,,,,,,,,,,
,,,,,,,,,,,,
,,,,,,,,,,,,
,,,,,,,,,,,,
,,,,,,,,,,,,
,,,,,,,,,,,,
,,,,,,,,,,,,
,,,,,,,,,,,,
,,,,,,,,,,,,
,,,,,,,,,,,,
,,,,,,,,,,,,
,,,,,,,,,,,,
,,,,,,,,,,,,
,,,,,,,,,,,,
,,,,,,,,,,,,
,,,,,,,,,,,,
,,,,,,,,,,,,
,,,,,,,,,,,,
,,,,,,,,,,,,
,,,,,,,,,,,,
,,,,,,,,,,,,
,,,,,,,,,,,,
,,,,,,,,,,,,
,,,,,,,,,,,,
,,,,,,,,,,,,
,,,,,,,,,,,,
,,,,,,,,,,,,
,,,,,,,,,,,,
,,,,,,,,,,,,
,,,,,,,,,,,,
,,,,,,,,,,,,
,,,,,,,,,,,,
,,,,,,,,,,,,
,,,,,,,,,,,,
,,,,,,,,,,,,
,,,,,,,,,,,,
,,,,,,,,,,,,
,,,,,,,,,,,,
,,,,,,,,,,,,
,,,,,,,,,,,,
,,,,,,,,,,,,
,,,,,,,,,,,,
,,,,,,,,,,,,
,,,,,,,,,,,,
,,,,,,,,,,,,
,,,,,,,,,,,,
,,,,,,,,,,,,
,,,,,,,,,,,,
,,,,,,,,,,,,
,,,,,,,,,,,,
,,,,,,,,,,,,
,,,,,,,,,,,,
,,,,,,,,,,,,
,,,,,,,,,,,,
,,,,,,,,,,,,
,,,,,,,,,,,,
,,,,,,,,,,,,
,,,,,,,,,,,,
,,,,,,,,,,,,
,,,,,,,,,,,,
,,,,,,,,,,,,
,,,,,,,,,,,,
,,,,,,,,,,,,
,,,,,,,,,,,,
,,,,,,,,,,,,
,,,,,,,,,,,,
,,,,,,,,,,,,
,,,,,,,,,,,,
,,,,,,,,,,,,
,,,,,,,,,,,,
,,,,,,,,,,,,
,,,,,,,,,,,,
,,,,,,,,,,,,
,,,,,,,,,,,,
,,,,,,,,,,,,
,,,,,,,,,,,,
,,,,,,,,,,,,
,,,,,,,,,,,,
,,,,,,,,,,,,
,,,,,,,,,,,,
,,,,,,,,,,,,
,,,,,,,,,,,,
,,,,,,,,,,,,
,,,,,,,,,,,,
,,,,,,,,,,,,
,,,,,,,,,,,,
,,,,,,,,,,,,
,,,,,,,,,,,,
,,,,,,,,,,,,
,,,,,,,,,,,,
,,,,,,,,,,,,
,,,,,,,,,,,,
,,,,,,,,,,,,
,,,,,,,,,,,,
,,,,,,,,,,,,
,,,,,,,,,,,,
,,,,,,,,,,,,
,,,,,,,,,,,,
,,,,,,,,,,,,
,,,,,,,,,,,,
,,,,,,,,,,,,
,,,,,,,,,,,,
,,,,,,,,,,,,
,,,,,,,,,,,,
,,,,,,,,,,,,
,,,,,,,,,,,,
,,,,,,,,,,,,
,,,,,,,,,,,,
,,,,,,,,,,,,
,,,,,,,,,,,,
,,,,,,,,,,,,
,,,,,,,,,,,,
,,,,,,,,,,,,
,,,,,,,,,,,,
,,,,,,,,,,,,
,,,,,,,,,,,,
,,,,,,,,,,,,
,,,,,,,,,,,,
,,,,,,,,,,,,
,,,,,,,,,,,,
,,,,,,,,,,,,
,,,,,,,,,,,,
,,,,,,,,,,,,
,,,,,,,,,,,,
,,,,,,,,,,,,
,,,,,,,,,,,,
,,,,,,,,,,,,
,,,,,,,,,,,,
,,,,,,,,,,,,
,,,,,,,,,,,,
,,,,,,,,,,,,
,,,,,,,,,,,,
,,,,,,,,,,,,
,,,,,,,,,,,,
,,,,,,,,,,,,
,,,,,,,,,,,,
,,,,,,,,,,,,
,,,,,,,,,,,,
,,,,,,,,,,,,
,,,,,,,,,,,,
,,,,,,,,,,,,
,,,,,,,,,,,,
,,,,,,,,,,,,
,,,,,,,,,,,,
,,,,,,,,,,,,
,,,,,,,,,,,,
,,,,,,,,,,,,
,,,,,,,,,,,,
,,,,,,,,,,,,
,,,,,,,,,,,,
,,,,,,,,,,,,
,,,,,,,,,,,,
,,,,,,,,,,,,
,,,,,,,,,,,,
,,,,,,,,,,,,
,,,,,,,,,,,,
,,,,,,,,,,,,
,,,,,,,,,,,,
,,,,,,,,,,,,
,,,,,,,,,,,,
,,,,,,,,,,,,
,,,,,,,,,,,,
,,,,,,,,,,,,
,,,,,,,,,,,,
,,,,,,,,,,,,
,,,,,,,,,,,,
,,,,,,,,,,,,
,,,,,,,,,,,,
,,,,,,,,,,,,
,,,,,,,,,,,,
,,,,,,,,,,,,
,,,,,,,,,,,,
,,,,,,,,,,,,
,,,,,,,,,,,,
,,,,,,,,,,,,
,,,,,,,,,,,,
,,,,,,,,,,,,
,,,,,,,,,,,,
,,,,,,,,,,,,
,,,,,,,,,,,,
,,,,,,,,,,,,
,,,,,,,,,,,,
,,,,,,,,,,,,
,,,,,,,,,,,,
,,,,,,,,,,,,
,,,,,,,,,,,,
,,,,,,,,,,,,
,,,,,,,,,,,,
,,,,,,,,,,,,
,,,,,,,,,,,,
,,,,,,,,,,,,
,,,,,,,,,,,,
,,,,,,,,,,,,
,,,,,,,,,,,,
,,,,,,,,,,,,
,,,,,,,,,,,,
,,,,,,,,,,,,
,,,,,,,,,,,,
,,,,,,,,,,,,
,,,,,,,,,,,,
,,,,,,,,,,,,
,,,,,,,,,,,,
,,,,,,,,,,,,
,,,,,,,,,,,,
,,,,,,,,,,,,
,,,,,,,,,,,,
,,,,,,,,,,,,
,,,,,,,,,,,,
,,,,,,,,,,,,
,,,,,,,,,,,,
,,,,,,,,,,,,
,,,,,,,,,,,,
,,,,,,,,,,,,
,,,,,,,,,,,,
,,,,,,,,,,,,
,,,,,,,,,,,,
,,,,,,,,,,,,
,,,,,,,,,,,,
,,,,,,,,,,,,
,,,,,,,,,,,,
,,,,,,,,,,,,
,,,,,,,,,,,,
,,,,,,,,,,,,
,,,,,,,,,,,,
,,,,,,,,,,,,
,,,,,,,,,,,,
,,,,,,,,,,,,
,,,,,,,,,,,,
,,,,,,,,,,,,
,,,,,,,,,,,,
,,,,,,,,,,,,
,,,,,,,,,,,,
,,,,,,,,,,,,
,,,,,,,,,,,,
,,,,,,,,,,,,
,,,,,,,,,,,,
,,,,,,,,,,,,
,,,,,,,,,,,,
,,,,,,,,,,,,
,,,,,,,,,,,,
,,,,,,,,,,,,
,,,,,,,,,,,,
,,,,,,,,,,,,
,,,,,,,,,,,,
,,,,,,,,,,,,
,,,,,,,,,,,,
,,,,,,,,,,,,
,,,,,,,,,,,,
